"IDكود العميل","اسم العميل","رقم الشاسية","نوع الالة","اسم المهندس","نوع العقد","عداد تسليم اسود","عداد تسليم الوان","تاريخ انتهاء العقد","العنوان","التليفون","ملاحظات","Field1"
"","مكتبة فريندز","W2E7803363","KY6052CI","شعبان","زيارة","217377","316335","2/28/2027 12:00:00 AM","شارع الزيت من ش/عشرين","1270590785","كريم ابراهيم",""
"","مكتبة فريندز","W2J8617518","KY5052CI","شعبان","زيارة","426393","68642","2/28/2027 12:00:00 AM","شارع الزيت من ش/عشرين","1270590785","كريم ابراهيم",""
"","محمد احمد","RFH9511168","KY3253CI","عادل","ضمان","287807","182868","2/28/2027 12:00:00 AM","كامب شيزار --الضمان(10000)نسخه","01030343896","",""
"","فوزي خلاف","VCY6901428","KYP2040dn","كريم","ضمان","12861","","11/29/2026 12:00:00 AM","ش مصطفى كامل برج دريم 1--الضمان(5000)","01175195618","",""
"","ماركت القاضي","RC22519314","KY6235CId","شعبان","ضمان","1421","6602","11/19/2026 12:00:00 AM","خورشيد الخط الوسطاني--الضمان(5000)","01068259423","هشام محمد القاضى",""
"","الديب مول","RF80Y15991","KY5053CI","شعبان","زيارة","889283","9580","","","","م/خالد البربري",""
"","تارجت للمقاولات والاستشارات","RF80X15066","KY5053CI","عادل","ضمان","427604","4508","2/17/2027 12:00:00 AM","21/ش الاحقاف -الابراهيميه---(20000)نسخه","","ا/عبد الرحمن محمد حسن",""
"","سكاي ميكر","VFL7Z15509","KY2506CI","عادل","ضمان","11444","43290","3/11/2027 12:00:00 AM","2 ش الزعفران -الابراهيميه--الضمان(10000)","01289400939","ياسر محمد",""
"","مكتب محمود معوض للمحاماه","C517PC01043","MPC307","شعبان","ضمان","29364","76903","12/13/2026 12:00:00 AM","8ش الجمهوريه-نزلة ابو سعده--ضمان(5000)","01020240201","ا/محمود معوض",""
"","محمد خميس عبد اللطيف","V797Z04611","KY406CI","عادل","ضمان","71243","272366","12/10/2026 12:00:00 AM","عزبة دبانه-طرق الملاحه--الضمان(5000)نسخه او ثلاثة اشهر","01225164419","ا/ محمد خميس",""
"","بيت الجملة فرع محرم بك (المخازن)","VFL7X13498","KY2506CI","السيد","ايجار","143168","65591","","محرم بك","","",""
"","بيت الجملة فرع التجمع التالت التسويق","RGT0612573","KY2507CI","وائل","ايجار","52492","139490","","القاهره-التجمع الثالث","","",""
"","بيت الجملة فرع الهانوفيل","RC29Z08589","KY6235CId","السيد","ايجار","21098","6084","","الهانوفيل","","",""
"","بيت الجملة فرع الدريسة 1","W916P10491","MP301","السيد","ايجار","343095","","","الدليفرى","","",""
"","بيت الجملة فرع الدريسة 2","RFM1641309","KY2553CI","السيد","ايجار","114682","528639","","المكاتب الادارية","","",""
"","مستشفى الاندلسية","RC22519309","KY6235CID","مجدى","ايجار","5805","4243","","سموحة","","",""
"","مستشفى الاندلسية","RC22519304","KY6235CID","مجدى","ايجار","8611","4490","","سموحة","","",""
"","شركة فيروميتالكو","RF89503105","KY5053CI","عادل","ايجار","1370535","264874","","برج العرب المنطقة الثالثة","01500012950","ا / محمد فرج الكومى",""
"","شركة فيروميتالكو","RF89503231","KY5053CI","عادل","ايجار","208582","14598","","برج العرب المنطقة الثالثة","01500012950","ا / محمد فرج الكومى",""
"","جمعية مباشر حجر النواتية","V4408906596","MP171","السيد","زيارة","140156","","","حجر النواتية","","سعيد الشيرى",""
"","شركة جرين فالى (رشيد)"," S9258900419","MP5200","عادل","ايجار","","","","رشيد","01010005829","ا / محمد سعيد ( مدير الموقع)",""
"1285","الاتحاد ترانس"," W2S8Z52835","KY3253ci","مجدى","زيارة","14643","78746","9/26/2025 12:00:00 AM","ش/ النصر المنشية","1277483615","",""
"1756","بيت الجملة فرع ( اللوتس )"," W399607996 ش","KY350C","","ارشيف","34563","63997","","مدينة نصر","","",""
"","بيت الجملة فرع اكتوبر سيلفر مول 1"," W915P703743","MP301","وائل","ايجار","","","","فرع اكتوبر","","",""
"1216","سنتر واى اكاديمى","*******","KY 02","رضا","ايجار","","","","لوران","","",""
"1633","على ربيع","********","MP1022","السيد","زيارة","","","","بجوار الشركة","1272942041","",""
"","مديرية التعاون الزراعي للمنشية","**********","mp2025","مجدى","زيارة","","","","المنشية","1221717741","ا/ طلعت",""
"1143","مكتبة سكر بنات","0000000000","MP1018","كريم","زيارة","30745","","9/4/2024 12:00:00 AM","ش 3 المراغى الجديدة -- الضمان(5000)نسخة","1204829653","ام بلال",""
"","مستشفى جمال عبد الناصر","00000000000","DMC627","يحيي","زيارة","0","","","داخل المستشفى","","",""
"664","مدرسة شيبوب","01008835755","MP1022","اسامة","زيارة","","","","المعمورة","1008835755","ا / عصام",""
"1948","مكتبة لوران","01095322258","MP1022","رضا","زيارة","","","","دمنهور ش / المحافظة","01095322258","ام احمد",""
"373","بازار المعداوى","01152647989","MP2550","شعبان","زيارة","274","","3/18/2023 12:00:00 AM","العوايد / بجوار شركة كهربا  السيوف","1152647989","",""
"815","مرسة الزعيم","01200305543","MP 3045","اسامة","زيارة","","","","طوسون","1200305543","ا / خالد فاروق",""
"1733","مكتبة الدولى","01201678459","MP1022","شعبان","زيارة","","","","شارع 45 دولي","1201678459","ا / عادل",""
"691","احمد العدل المحامى","01229176326","MP2550","شعبان","زيارة","","","","اخر ش / الزيت","1229176326","",""
"747","مدرسة شيبوب (تبع)","1008835755","MP2510","اسامة","زيارة","","","","المعمورة","","",""
"1435","الجيش","1874311678","KY3051","طارق","زيارة","","","","العامرية","","",""
"","مصنع التوحيد","2","MPC6003","مجدى","صيانة","","","1/31/2027 12:00:00 AM","كفر الدوار","1279588593","",""
"1152","ا/مجمد الحريرى","222222222222","spc262","رضا","زيارة","","","5/14/2025 12:00:00 AM","بجوار اشركه5000 نسخه","1063320195","",""
"1129","شركة السلام للمقاولات","3159507920","OX C6655","تمام","زيارة","","","","مرغم -- خلف توكيل نيسان","1032704392","ا / احمد رجب",""
"999","اللتون ( السكرتارية )","3185052850","OX 6600","تمام","زيارة","","","","","","",""
"1165","مستشفى جمال عبد الناصر","33333333333","1022","شعبان","زيارة","","","","","122742558","وائل فوده",""
"822","مكتبة تسنيم","3647640353","OX 5755","تمام","زيارة","","","","ابيس الثانية","1008200909","ا / محمد سعد",""
"717","ا / ريمون موريس","3647826805","OX 5755","تمام","زيارة","","","","العوايد البكاتوشى","1200700731","",""
"921","شركة الرأى كول سنتر","3660199771","OX 5845","تمام","زيارة","","","","ش شعراوي","1148885711","م / احمد اسماعيل",""
"1563","مدرسة الالسن","3667831503","OX5875","تمام","صيانة","","","","العجمى","","",""
"581","مدرسة الالسن","3667835991","OX 5875","ايمن","زيارة","","","","العجمي","","",""
"24","مدرسة الضوي2","3667850729","OX5865","ايمن","صيانة","","","10/1/2023 12:00:00 AM","العجمى الهانوفيل","","",""
"967","شركة ميسكو (دمياط)","3667853523 ش","OX 5875","","ارشيف","173821","","","دمياط","","",""
"1965","مكتبة السعد","3667870100 ش","OX5865","","ارشيف","772044","","","حجر النواتية","1273241020","",""
"904","المدرسة الفرنسية (الشاطبى)","3667870150","OX5865","تمام","زيارة","","","","الشاطبى","","تبع م / خالد البربرى",""
"953","المدرسة الفرنسية (الشاطبى)","3667870320","OX5875","تمام","زيارة","","","","الشاطبى","","تبع م / خالد البربرى",""
"896","الجامعة الاهلية","3667871289  ش","OX 8575","","ارشيف","371912","","","بجوار الشركة","1208309372","الالة بجانب الشباك",""
"1631","احمد حمدى محمد على","3930P800572","IMC300","رضا","زيارة","222486","35503","2/4/2026 12:00:00 AM","كفر الدوار - الحدائق --الضمان(5000)نسخة","1000757986","",""
"933","مكتبة جنه للمعرفة","46449848","SP5210","رضا","زيارة","","","","المندرة","1287676695","ا / اكرم حسن",""
"437","مدرسة جانكليس","4J68430132","4128 MF","شعبان","زيارة","","","","جانكليس","1063340540","",""
"26","معهد البحوث ضمان الجودة","4l12520047","mp 1035","ايمن","صيانة","","","9/13/2023 12:00:00 AM","الحضرة البحرية","","عمل عقد سنوي",""
"1375","عباد الرحمن","5","MP4001","شعبان","زيارة","","","","","","",""
"1089","ا/ احمد رضوان","5219P702574","MP501","شعبان","زيارة","27420","","","","","",""
"2132","شركة فلوكيجر","5311X206246","p801","مجدى","ضمان","","","4/1/2027 12:00:00 AM","بعد الموقف الجديد","1154042556","01278642080 -ا/ محمد الدسوقي",""
"2223","ابو رقية","5451P801443","SPC250FW","رضا","ضمان","7082","6769","11/1/2026 12:00:00 AM","","01224557333","",""
"732","نادى الجياد ادارة (المدير التنفيذى)","7PBJFJ600002T","SMS 5360","","ارشيف","43976","","","سموحة","","ا / يحيي  سعيد",""
"767","جمال حماده","7PBJFJ70000BB","SMS 5360","اسامة","زيارة","49374","","12/8/2023 12:00:00 AM","سموحة ش / الهلتون -- الضمان ( 5000) نسخة","1003891786","ا / عيد نعمان الصعيدى",""
"787","شركة الغاز الطبيعى للسيارات","7PBJFJ70000DZ","SMS 5360","رضا","زيارة","55889","","12/19/2023 12:00:00 AM","شركة الغاز الطبيعى - المطار بجوار مستشفى طلعت مصطفى","1221150783","01025007734",""
"724","نادى الجياد ادارة (شئون قانونية)","7PBJFK10000FB","SMS 5360","شعبان","صيانة","16697","","5/31/2027 12:00:00 AM","سموحة","","ا / رشا حمدى",""
"2153","اليكترو الحبشى","8W98670041","MP161","يحيي","زيارة","","","","اسلام -- برج العرب","01200667886","اسلام",""
"1905","مدرسة ارض العوايد","8W98680020","MP201","يحيي","زيارة","","","","","","",""
"584","ا / محمود مصطفى","8W98870264","MP161","اسامة","زيارة","","","","العصافرة ش / 30","1094991524","",""
"29","اليكس لايف","8W98870448","mp161","ايمن","صيانة","","","","العجمى الهانوفيل / تجديد شهرى","","تجديد شهرى",""
"1424","شركة المدينة المنورة","8W99180086","MP 161","شعبان","زيارة","","","","ابيس العاشرة","1227825939","",""
"565","ا / احمد عباس","9W96180379","MPC5000","رحيم","زيارة","","","","شركة مقاولات -- سموحة","1008797505","",""
"466","كوبى ديزاين","9W96660131","MPC2500","مجدى","زيارة","","","3/13/2025 12:00:00 AM","الفلكى ش/16 الملك","1222224997","(ا / محمود)",""
"419","مدرسة الميريدين","C067C30087","MPC 6503","ايمن","صيانة","157930","565825","10/1/2023 12:00:00 AM","الضمان(25000) نسخة","","",""
"603","سنترمديكال اكاديمي","C077CA30017","MPC 8003","مجدى","زيارة","","","","الازريطة","","سمارت سيدى جابر",""
"391","اوفر برنت","C079C230028","MPC 8003","مجدى","زيارة","84606","273572","3/12/2024 12:00:00 AM","كوبرى الناموس ش/ فرن ام وحيد","1032923159","03/5043659",""
"958","أ / سعيد محمد حنفي","C498P300536","MPC407","رضا","زيارة","153246","40436","","وادى القمر","","أ / سعيد - تبع أ/ رضا القدس بدون ضمان","بدون ضمان"
"1151","م/محمد حامد","C498P900091","MPC407","مجدى","زيارة","105987","16769","5/14/2025 12:00:00 AM","5000نسخه المنشيه سوق الورق","1559311933","",""
"1275","شركة الحرير الصناعى","C498P901372","MPC307","رضا","زيارة","48398","30642","5/22/2025 12:00:00 AM","كفر الدوار","","ا/مجمد عزب",""
"1591","شركة مصرللغزل","C498PC00716","MPC401","رضا","زيارة","153080","40194","1/1/2026 12:00:00 AM","كفر الدوار","","",""
"1079","شركة مصرللغزل","C499P700801","MPC307","رضا","زيارة","45398","11688","1/1/2026 12:00:00 AM","كفر الدوار -  صابغى البيضا","1211072294","ا / اسامة عبد اللطيف",""
"2074","ا / احمد حمدى احمد","C507P704654","MPC307","شعبان","زيارة","96805","59758","7/6/2026 12:00:00 AM","المراغى ش الجامع بجوار فرن مصطفى","01273557942","",""
"2023","ا / عادل المحامى","C507P901740","MPC307","شعبان","زيارة","","","","ونجت 79 ش لافيزون بجوار صيدلية سامى المغربى","01220450534","",""
"1880","مركزالاسكندرية الوطنى للعيون","C507PA00396","MPC307","مجدى","زيارة","","","","","","",""
"","محمد باهر روبى محمد","C507PA00808","MPC307","عادل","زيارة","","","","مرغم - مساكن مبارك","01044194908","",""
"","ا / صابر خلف","C507PB01691","MPC307","يحيي","زيارة","","","","الحضرة الجديدة","01003973846","",""
"1440","شركة الفريدة (الدور 1)","C507PB01811","MPC307","شعبان","صيانة","20202","34239","11/5/2026 12:00:00 AM","سيدى بشر بجوار جزارة الثورة","1155561109","تبع م / رضا القدس",""
"2157","د / شريف عمر","C507PB04633","MPC307","كريم","زيارة","","","","المنشية","01227568856","",""
"4","سيليا للشحن والخدمات اللوجيستية","C507PB04844","MPC307","مجدى","ايجار","30471","17020","12/30/2026 12:00:00 AM","ش / فؤاد -- الخزنة الحسابات","01222392577","ا / احمد المراغى",""
"3","سيليا للشحن والخدمات اللوجيستية","C507PC01580","MPC307","مجدى","ايجار","208260","68657","12/30/2026 12:00:00 AM","ش / فؤاد -- اوبريشن","01222392577","ا / احمد المراغى",""
"1448","شركة ميسكو (الادارة) الدور 11","C507PC01580 ش","MPC307","","ارشيف","243197","30956","","خلف/ استاد الاسكندرية","1202767777","01283829774",""
"1367","ا / محمد فتح الله محمد","C507PC04129","MPC307","رضا","زيارة","47424","64858","12/4/2024 12:00:00 AM","حجر النواتية -- الضمان (5000) نسخة","1211303336","",""
"2197","شركة برفيكت للاعمال الهندسية","C507PC05907","MPC307","رضا","زيارة","","","","العامرية الناصرية","01211423639","م / محمود نصر",""
"","مدرسة حمدى عاشور","C507PC06158","MPC307","شعبان","زيارة","","","","ش / جمال عبد الناصر حلوانى كلاسيك","01550348991","طارق وديع",""
"1749","م / خالد عثمان","C508P104846","MPC307","","زيارة","129","136","","عميل خاص","","",""
"1207","اوشن لايف","C508P502956","MPC307","رضا","زيارة","153199","40429","7/6/2025 12:00:00 AM","السلطان حسين بجوار توكيل سامسونج 3         اشهراو5000 نسخه","1501433342","",""
"15","شركة الفريدة (الدور2)","C508P502995","MPC307","شعبان","صيانة","27582","40258","11/5/2026 12:00:00 AM","سيدى بشر بجوار جزارة الثورة","1155561109","تبع م/ رضا القدس",""
"2167","المدينة للمرأة لطب الاخصاب","C508P503425","MPC307","مجدى","زيارة","39366","15097","","","","",""
"1828","ا / احمد رجب","C508P600348","MPC307","شعبان","زيارة","","","","خورشيد","1062273273","",""
"1239","مكتبة الشروق خورشيد","C508P600366","MP307","شعبان","زيارة","","","6/16/2025 12:00:00 AM","عزبة خورشيد الضمان 3 شهور","1287150144","مجمود",""
"1986","امكو للمواد الغذائية","C508P701496","MPC307","كريم","زيارة","","","","برج العرب","","تبع عبد الرحمن المحاسب",""
"1990","ا / طارق صبرى السيد","C508P703476","MPC307","رضا","زيارة","115976","10750","5/6/2026 12:00:00 AM","الضمان(3000)نسخة","01200667804","",""
"1416","ايليت الطبية ( كيدز اريا )","C508P703476 ش","MP307","","ارشيف","80708","","","الطريق الدائرى قبل كارفور","1559993069","1000 جنية -- ا / عبد الرحمن",""
"2073","محمد السنان","C508P901816","MPC307","مجدى","زيارة","26211","651","7/6/2026 12:00:00 AM","","","",""
"1420","شركة ميسكو الريسبشن (الادارة)","C508P901816 ش","MPC307","","ارشيف","17","6","","خلف/ استاد الاسكندرية","1202767777","01283829774",""
"872","الاكاديمية سكرتارية مجلس الادارة","C508PB01624","MPC307","مجدى","صيانة","55164","31271","8/31/2026 12:00:00 AM","المنتزة","1272796901","",""
"1532","الحاج محروس العمره","C508PB04157","MPC307","شعبان","زيارة","16146","39039","3/17/2025 12:00:00 AM","ضمان 3اشهر او5000نسخه","","",""
"2184","علاء الدين محمود السايح","C508PC03107","MPC307","رضا","ضمان","125309","18808","10/8/2026 12:00:00 AM","اسوان","01123511459","",""
"2072","ا / محمود داود","C508PC03639","MPC307","رضا","زيارة","80760","83261","7/6/2026 12:00:00 AM","تبع المحاسب فرع 45","01221775127","",""
"1093","مركز اكادى اكاديمى","C509P300570","MPC307","شعبان","زيارة","14307","24039","4/30/2025 12:00:00 AM"," ضمان 3شهور 5000 نسخه","35415105","01277017244سيدى جابر الشيخ",""
"1094","ا/محمد عبد الجميد","C509P300654","MPC307","شعبان","زيارة","5037","4194","4/30/2025 12:00:00 AM","5000 نسخه او 3 شهور عزبة حجازى","1220170040","0120440006",""
"969","م / عبد الرازق (تارجت )","C509P301036","MPC307","مجدى","زيارة","3237","4244","","ش/بابور المياة الحضرة","1228993473","",""
"2014","العالمية للصناعات الغذائية (نوفا)","C509P304145","MPC307","مجدى","زيارة","215418","","6/17/2026 12:00:00 AM","","","",""
"1930","نادى باكوس الرياضى","C509P304165","MPC307","مجدى","زيارة","122432","101334","4/9/2026 12:00:00 AM","جليم","","محمد السنان",""
"","مصنع التوحيد","C509P400782","MPC3002","مجدى","صيانة","90059","71874","1/31/2027 12:00:00 AM","كفر الدوار","1279588593","",""
"1362","ا/اشرف طنطاوى","C509P701324","MPC307","شعبان","زيارة","493838","109655","7/21/2025 12:00:00 AM","ضمان 3 شهور او5000 نسخه","1003942786","",""
"","المدينة للمراة","C509P702602","MPC306","مجدى","زيارة","36967","30322","","سموحة","","",""
"2209","المدينة للمرأة بيفرل هيلز","C509P904198","MPC307","مجدى","زيارة","","","","القاهرة -- الشيخ زايد","","",""
"1248","المدينة للمراة","C509P904817","MPC307","مجدى","زيارة","","","6/19/2025 12:00:00 AM","الضمان (5000) نسخة","","",""
"1344","سيكا مصر","C517P700436","MPC307","رضا","زيارة","19774","19371","7/15/2025 12:00:00 AM","الضمان 5000 نسخه او3 شهور","","",""
"1195","ا/ولاءمحمد ابراهيم","C517P700484","MPC307","شعبان","زيارة","55201","20175","6/6/2025 12:00:00 AM","الضمان 3 شهور او5000 نسخه","1271559231"," صلاح الدين العلافين ولاء",""
"1032","شركة مصرللغزل","C517PC00861","MPC307","رضا","زيارة","112673","47219","1/1/2026 12:00:00 AM","10000نسخه","","",""
"","المدينة للمراة","C517PC01053","MPC306","مجدى","زيارة","29794","35342","","سموحة","","د / اميرة",""
"1520","شركة سيكامصر","C518P10032","MPC307","مجدى","زيارة","50469","33879","5/1/2025 12:00:00 AM","خلف نادى الاولمبى ضمان ستة اشهر","","",""
"1519","شركة سيكا مصر","C518P100323","mpc305","مجدى","زيارة","","","5/1/2025 12:00:00 AM","ش / وابور المياة الحضره","","",""
"1078","شركة مصرللغزل","C518P300797","MPC307","رضا","زيارة","53556","7686","1/1/2026 12:00:00 AM","كفر الدوار -  صابغى البيضا","1211072294","ا / اسامة عبد اللطيف",""
"1642","شركة مصرللغزل","C518P402481","","كريم","زيارة","46753","13029","","كفر الدوار - صباغى البيضا","","",""
"2079","جولد برنت","C518P900843","MPC307","شعبان","زيارة","","","","ابيس بجوار محطة الكهرباء","1093940024","عمرو علام",""
"1412","محمد خميس عبد اللطيف","C518PA00026","MPC307","شعبان","زيارة","154108","82594","12/8/2025 12:00:00 AM","الضمان 3شهور حوض 10 بجوار قسم منتزه 3","1225164419","01148685976",""
"","اكاديمية رؤيتى","C518PC00922","MPC307","مجدى","ضمان","25610","12505","12/2/2026 12:00:00 AM","ش / الريادة حجر النواتية --الضمان(5000)نسخة","01002357032","",""
"2064","ا / سامى على","C519P200541","MPC307","شعبان","زيارة","135196","29209","6/30/2026 12:00:00 AM","المطار --الضمان(5000)نسخة","01223740047","",""
"1513","الاكاديمية شئون العاملين","C519P302531","MPC307","مجدى","صيانة","","","8/31/2026 12:00:00 AM","المنتزة","1285317616","ا / محمود العبودى",""
"1807","يسرى محمود صادق","C519P401516","MPC305","شعبان","زيارة","","","","العوايد","1009266523","",""
"","ح / حسنى الوكالة","C519P800222","MPC307","شعبان","ضمان","7730","4206","9/22/2026 12:00:00 AM","الحضرة -- الضمان (5000) نسخة","","تبع كابتن وليد الطحان",""
"2103","احمد رجب الصافى","C519P900182","MPC407","يحيي","زيارة","","","","","01286900071","ميدو",""
"1732","جولدين ستارز","CANON","SP6200","مجدى","صيانة","","","8/31/2026 12:00:00 AM","عزبة سكينه خلف شركة الكهرباء العوايد","1066856507","ا/ محمد صبحي ابراهيم",""
"216","بيت الجملة القاهرة / اكتوبر سيلفر(الملك)","E132PC00695","MPC305","","زيارة","","","","الالة ملك","","",""
"830","سنتر تعليمى ( سوزان )","E135P100006","MPC305","رضا","زيارة","","","","لوران ش / شعراوى خلف حسين بيك","1205202303","ا / سوزان عثمان",""
"404","ا/ حامد مصطفى القوني","E135P500002","MPC 305","شعبان","زيارة","279185","39782","5/5/2023 12:00:00 AM","كومباوند القضاة   -- ضمان (5000) نسخة","1149199968","",""
"428","مكتبة عامرM2Y","E135P500005","MPC305","شعبان","زيارة","356184","13916","2/20/2023 12:00:00 AM","الحضرة الجديدة اول ش/  الشرقاوي","1003439080","01149702828",""
"417","كوبى اند برنت","E135P500010","MPC 305","مجدى","زيارة","39959","5857","2/15/2023 12:00:00 AM","امام باب كلية الهندسة -- ضمان (5000) نسخة","1111418881","",""
"871","ا / اشرف زيد","E135P500014","MPC305","اسامة","زيارة","","","","المندرة","1224103157","",""
"30","المنطقة الشمالية (شعبة التدريب)","E154M130887","mpc3003","","صيانة","","","4/20/2025 12:00:00 AM","سيدي جابر","","03/5463247",""
"31","الاكاديمية  الكنترول","E154M631004","mpc3003","مجدى","صيانة","","","8/31/2026 12:00:00 AM","المنتزة","1272796901","",""
"1160","سنترال المستقبل","E154M932940 ش","MPC3003","","ارشيف","460824","92902","","ض10000 نسخه او6 شهور اخر ونجت ش  اللا فيزون","1020065007","عادل ابراهيم",""
"1859","هشام المنشاوى","E154M932940 شش","MPC3003","","ارشيف","544912","99513","","ش / الجمهورية","1229601852","",""
"1107","شركة شوباش","E155MB30943","MP3003","شعبان","زيارة","229716","199672","8/3/2025 12:00:00 AM","جليم6 اشهراوضمان 10000 نسخه","1005264730","سامح ياسين",""
"33","م/ كمال اللوجيستك ( الميناء )","E163M830149","mpc3503","ايمن","زيارة","","","","الميناء","","",""
"616","شركة الفريدة (الدور 2)","E164M430062","MPC3503","شعبان","صيانة","","","11/5/2026 12:00:00 AM","سيدى بشر بجوار جزارة الثورة","1155561109","تبع م / رضا القدس",""
"","ا / عاطف رجب اسماعيل","E164M930205","MPC3503","عادل","زيارة","123224","132639","7/7/2026 12:00:00 AM","شاطئ الصفا --الضمان(5000)نسخه","01275532868","",""
"684","ماجيك برنتنج","E173M630390","MPC4503","مجدى","زيارة","","","","ش / ونجت بجوار كافية العشرى","1277987023","تبع م / رضا القدس",""
"1925","شركة العمران","E173M830728","MPC4503","مجدى","مطلوب عقد","343","12","7/5/2026 12:00:00 AM","397طريق الحريه مصطفى كامل","1223322583","مصطفى جبر",""
"1288","شركة دريم ( DREAM)","E173MC30141","MPC4503","ايمن","زيارة","","","","المنشية","","",""
"1083","وليم جروب للتطوير العقارى","E173MC30773","MPC4503","مجدى","صيانة","9117","13255","8/9/2026 12:00:00 AM","سبورتينج ش ابو قير","126667888","كرولس ناجح",""
"351","ا/ محمد عماد ( الفلكي)","E174J100449","MPC 4503","شعبان","زيارة","","","","الفلكي / شارع 16","1280464615","",""
"34","بلو اوشن","E174J401059","MPc4503","مجدى","صيانة","","","4/18/2027 12:00:00 AM","ش / النصر المنشية","1015231046","01277525465",""
"35","مكتبة علاء","E174J700144","mpc4503","شعبان","زيارة","","","4/7/2024 12:00:00 AM","كوبرى الناموس","1224441737","",""
"36","مكتبة مراون","E174M731180","mpc4503","","زيارة","","","","شارع الشركة العربية ابو سليمان","","",""
"37","دار ياسين للاستشارات","E174M731286","mpc 4503","","زيارة","","","12/27/2022 12:00:00 AM","مرسى مطروح","1007090781","",""
"38","مكتب الرائد للخدمات","E174M831512","mbc4503","ايمن","صيانة","","","6/1/2024 12:00:00 AM","المنشية ش النصر","","",""
"425","شركة السد العالى","E174MC31321","MPC 4503","رحيم","زيارة","","","","قنال المحمودية كوبرى 14 مايو","1002206642","01283827608",""
"573","مصنع التوحيد ( ا/ انس السورى)","E175J600024","MPC4503","مجدى","زيارة","363276","187199","8/3/2023 12:00:00 AM","كفر الدوار","1279588593","01204344446",""
"792","مصنع التوحيد (احمد عادل)","E175J600249","MPC 4503","مجدى","صيانة","","","1/31/2027 12:00:00 AM","كفر الدوار","1279588593","01204344446",""
"","مصنع التوحيد","E175M431449","MPC4503","مجدى","صيانة","","","1/31/2027 12:00:00 AM","كفر الدوار","1279588593","",""
"1335","الفارس للمقاولات العمومية","E175M630112","MPC4503","مجدى","صيانة","133257","151908","12/13/2026 12:00:00 AM","14 ابراج الياسمين عمارات الشرطة الجديدة كوم الدكة","1000054614","ا/ احمد سعيد",""
"435","مدرسة الظاهرية","E175M830201","MPC 4503","مجدى","زيارة","","","","باكوس","1275800952","ا / عزب",""
"1346","جولد برنت","E175M831060","MPC4503","شعبان","زيارة","378051","66540","10/18/2025 12:00:00 AM","ابيس بجوار محطة الكهرباء","1093940024","عمرو علام",""
"40","اليسر لهياكل السيارات","E175MB30300","mpc4503","","زيارة","","","1/27/2025 12:00:00 AM","العامرية ط الصحراوي","1204001120","03/4700057",""
"1281","شركة ترافيل سليوشن","E176J300347","MPC4503","شعبان","زيارة","13992","29253","9/26/2025 12:00:00 AM","الدور2 شقه 23جليم","1050558640","0100624VG7ا/محمود",""
"1307","مكتب عمرو نايل المحامى","E176M130109","MPC4503","رضا","زيارة","28475","85494","6/10/2025 12:00:00 AM","-العجمى الكيلو 22 الصفا-الضمان 10000نسخه","1275074588","01555695910",""
"1551","مكتب ديكور ميكاندا","E176M230863","MP4503","مجدى","زيارة","17848","47149","7/30/2025 12:00:00 AM","ضمان 6اشهر 10000نسخه ش الظاهر محرم بيك","1289897393","033959500 مينا سامى",""
"1341","ايوب برسوم","E176M420017","MPC4503","مجدى","صيانة","60470","68277","5/31/2027 12:00:00 AM"," محطة الرمل","1014995777","01221064000",""
"523","مكتبة الملكة والامل","E176M420158","MPC4503","","زيارة","817852","161331","","الازريطة","1222362229","",""
"41","الكتابة تجمعنا","E183jB00334","Mpc4503","","زيارة","644205","38316","11/13/2022 12:00:00 AM","ابو سليمان","1279541212","تم تغير كونترول يوم",""
"43","سنتر جلوبال","E186J300004","mp 5503","طارق","زيارة","","","8/14/2022 12:00:00 AM","جليم","1066164906","01147489907",""
"2069","المستثمرون العرب","E196M220302","MPC6003","شعبان","ضمان","647921","867712","10/13/2026 12:00:00 AM","ش / النقل والهندسة","01207432696","",""
"1749","شركة مكتب الاكاديمية البحرية","E196M220302 ش","MPC6003","","ارشيف","645852","86169","10/6/2026 12:00:00 AM","العالمين","1033446628","م / محمد فاروق",""
"1797","بنت ام يحيا الميناء","E196M220306","MPC305","رضا","زيارة","115051","466303","4/30/2026 12:00:00 AM","تم دفع 3000 وباقى 3000 جنية","","",""
"1636","المعتز المهدى","E196M220307","MPC6003","مجدى","زيارة","85502","507485","2/5/2026 12:00:00 AM","معتز محرم بيك","1212507775","",""
"1674","مكتب د/ احمد الزياد","E196M220337","MPC6003","شعبان","صيانة","759030","966862","1/27/2027 12:00:00 AM","العوايد","1119400050","ا/ احمد الزباد",""
"1812","مطبعة الحرية","E196M220343","MPC6003","عادل","زيارة","76418","126583","5/10/2026 12:00:00 AM","كفر الدوار الوسطانية ( الضمان 20000 نسخة )","1274646457","محمد عبد المنعم",""
"2082","علاء مطبعة الاخوة","E196M220373","MPC6003","مجدى","زيارة","","","","بجوار الشركة","1223018902","",""
"974","شركة الاقصى سموحة","E204R161178","MPC2003","شعبان","زيارة","","","","سموحة","1210747150","ا / ياسمين",""
"1426","سنتر دريم تكنولوجي","E204R763793","MPC2003","مجدى","زيارة","","","","شلرع الحجاز الجمرك-- بحري","1225773189","ا/ مصطفي",""
"1996","احمد رجب الصافى","E204RB63450","MPC2003","شعبان","زيارة","","",""," شوتس - محطة ترام صفر","01286900071","",""
"430","مهندسة / جيهان","E205R162520","MPC2003","مجدى","زيارة","","","","سموحة","1118999399","",""
"692","شركة مراى الهندسية","E205R961550","MPC3002","اسامة","زيارة","","","","سيدى بشر - دوران جيهان","1225992208","تبع م / رضا القدس",""
"2203","شركة A M A جروب","E205RA62564","MPC2003","السيد","زيارة","","","","بجوار باب 14 الميناء","01017160124","ا / ايمن",""
"46","مكتبة ريحانة الجنة","E214R260011 ش","mpc2503","","ارشيف","","","10/21/2024 12:00:00 AM"," شارع 20 بجوار صيدلية الاسرة","1100043935","01208181546",""
"2182","شركة نوار التجارية","E216J300136","MP2503","شعبان","ضمان","115538","45699","1/6/2027 12:00:00 AM","ش / البرت الاول - سموحة","01014650075","سارة خالد",""
"","مصنع التوحيد","E233C530086","MPC6502","مجدى","صيانة","","","1/31/2027 12:00:00 AM","كفر الدوار","1279588593","",""
"48","مصنع التوحيد","E234C430210","mpc8002","مجدى","صيانة","","","1/31/2027 12:00:00 AM","كفر الدوار","1279588593","01204344446",""
"712","جمال الزقازيق","E235C430138","MPC6502","رحيم","زيارة","","","","الزقازيق","","",""
"53","حمادة الريحان","E235C730036","MPC 6502","رحيم","زيارة","1634006","524955","","بجوار الشركة","128315269","",""
"633","مكتبة المدينة المنورة","E235CA30007","MPC6502","","زيارة","842911","719313","6/24/2024 12:00:00 AM","ش / 20 شارع  مجمع المدارس","1150091688","ا/ مصطفى",""
"807","مكتبة الملكة والامل","E235CA30018","MPC6502","","زيارة","","","","الازريطة","1222362229","",""
"2208","مطبعة خميس العجمى","E235CC30103","Pro5100","مجدى","زيارة","417791","248910","","","","",""
"49","مدرسة الضوي 2","E236C130003","MP6502","ايمن","صيانة","","","10/1/2023 12:00:00 AM","العجمى الهانوفيل","","",""
"50","مكتبة عجمستا","E236C230015","Mpc6502","","زيارة","","","","باكوس ش 20","1287408996","",""
"51","مطبعة الولاء","E244CA30154","MPc 8002","مجدى","زيارة","","","","الحضرة / بجوار قهوة حسان","1111190791","01221855250",""
"52","مصنع التوحيد","E245CA30071","mpc8002","مجدى","زيارة","","","","كفر الدوار","1279588593","01204344446",""
"386","مطبعة الولاء الجديدة","E253CA30129","Pro 5100","مجدى","زيارة","632198","273737","","الحضرة / بجوار قهوة حسان","1111190791","01221855250",""
"1836","معرض ايفرن هوم السجاد","E254C230016","pro5100","عادل","زيارة","","","","الدائري بجوار سنتر لامعي","1222287411","",""
"451","مطبعة الولاء الجديدة","E254C230016 ش","pro 5100","محمد","ارشيف","165152","674386","","الحضرة / بجوار قهوة حسان","1111190791","01221855250",""
"680","مطبعة وليد الحضرة","E254CC30180","PRO5100","رحيم","زيارة","398267","2191960","","الحضرة","","",""
"666","محمد ارك جروب","E255C230064","MPC5100","مجدى","زيارة","","","","جليم ش / الازاعة","1223630185","",""
"774","اوفر برنت","E255C330029","Pro 5100","مجدى","زيارة","","","","كوبرى الناموس ش/ فرن ام وحيد","1032923159","01270182870",""
"534","هانى ارك جروب","E255C330155","Pro5100","مجدى","زيارة","","","","باكوس","1223630189","",""
"741","مطبعة محمد عطية","E256C130024","Pro 5100","مجدى","زيارة","","","","ش / صلاح الدين ابو سليمان","1221227917","",""
"683","هانى ارك جروب","E256C130024 ش","PRO5100","مجدى","زيارة","24114","251416","","باكوس","1223630189","",""
"763","ا / اكرم (عمارة التامينات)","E256C230024","Pro 5100","مجدى","زيارة","","","","محطة مصر / عمارة التامينات","1200304662","03/3956589",""
"1543"," مطبعة دريم ارت","E256C930046","MP5100","مجدى","زيارة","44588","127275","6/21/2025 12:00:00 AM","ش ايزيس","1207266803","مصطفى مرسي نيازى",""
"1506","كوبى ديزاين","E256C930053","MPC5100","مجدى","زيارة","174212","362302","","الفلكى الضمان (2000) نسخه","1222224997","ا/ محمود",""
"297","مدرسة الضوي 1","E263C830005","Pro5110","ايمن","صيانة","90562","553474","10/1/2023 12:00:00 AM","العجمى الهانوفيل","","",""
"715","ا / محمد ابراهيم (الفلكى)","E265C9200119","Pro 5100","رحيم","زيارة","","","","الفلكى","1010707071","01119259699",""
"848","مكتب طايل المحامى","E323M220058","MP2001","طارق","زيارة","","","","العصافرة","","",""
"152","تاون كلانيك","E323M320581","MP2001","مجدى","زيارة","35648","","3/30/2023 12:00:00 AM","محطة الرمل","1029096919","",""
"1349","شركة الشرق للاخشاب","E323M620071","MP2001","يوسف","زيارة","","","","طريق ام زغيب","1032553507","",""
"982","مدرسة الصالحية المسائية","E323MC20940","MP 2501","شعبان","زيارة","261261","","8/12/2024 12:00:00 AM","كوبرى الناموس","1226656938","01111996194",""
"1456","امينه  الميناء","E324M820408","MP2001","يحيي","زيارة","","","","","","",""
"473","مباحث التموين (شرق)","E325M720181","MP2501","مجدى","زيارة","191276","","","حي شرق -- ضمان (5000)الاف نسخة","","",""
"883","مكتبة ابداع","E325M820622","MP2001","شعبان","زيارة","123708","","6/10/2024 12:00:00 AM","نزلة  ابو سعدة","1280578474","ا / حمدى",""
"1279","شركة هيلا ( الدور السادس )","E327M520015","MP2501","شعبان","زيارة","","","","الزراعى - بجوار مستشفى الكلى ( الدور الارضى )","1271087776","م / خالد تبع البربرى",""
"488","مكتبة نور القمر","E333M320300","MP2501","شعبان","زيارة","","","","ابو قير","1200448301","ا / عصام",""
"1276","شركة هيلا ( الدور الرابع )","E333M820144","MP2501","شعبان","زيارة","","","","الزراعى - بجوار مستشفى الكلى ( الدور الارضى )","1271087776","م / خالد تبع البربرى",""
"416","ج م  الدراسات العليا","E333M821263","MP 2501","اسامة","زيارة","118770","","","جامعة دمنهور","","",""
"54","المدينة للمراة  (حسابات عامة)","E333M920248 ش","mp2051","","ارشيف","","","","سموحه","","",""
"56","كلية التمريض الجودة","E333M921515","mp2501","اسامة","زيارة","","","","جامعة دمنهور","","",""
"58","كلية الصيدلة","E333M921590","mp2501","اسامة","زيارة","","","","جامعة دمنهور","","",""
"59","كلية العلوم","E333M921687","mp2501","اسامة","زيارة","","","","جامعة دمنهور","","",""
"61","كلية الصيدلة (مشترايات)","E333M921688","mp2501","اسامة","زيارة","","","","جامعة دمنهور","","",""
"62","المدينة للمراة عيادات","E333M921741","mp2501","مجدى","زيارة","","","","سموحه","","",""
"524","كلية الزراعة (شئون طلبة)","E333MA21136","MP2501","اسامة","زيارة","","","","جامعة دمنهور","","",""
"456","شركة انترمنت","E333MA21150","MP2501","رضا","زيارة","47524","","12/24/2023 12:00:00 AM","العامرية / الناصرية -- الضمان (10000) نسخة","1220205250","",""
"67","كلية الصيدلة (امين الكلية)","E333MA21151","mp2501","اسامة","زيارة","","","","جامعة دمنهور","","",""
"68","كلية التمريض سكرتارية الوكلاء","E333MA21153","mp2501","اسامة","زيارة","","","","جامعة دمنهور","","",""
"577","كلية الاداب","E333MA21160","MP2501","اسامة","زيارة","","","","جامعة دمنهور","","",""
"69","كلية رياض الاطفال","E333MA21347","mp2501","اسامة","زيارة","","","","جامعة دمنهور","","",""
"548","كلية الزراعة","E333MA21374","MP2501","اسامة","زيارة","","","","جامعة دمنهور","","",""
"71","كلية الصيدلة  شئون الطلبة","E334M120651","mp2501","اسامة","زيارة","","","","جامعة دمنهور","","",""
"579","كلية الاداب","E334M121646","MP2501","اسامة","زيارة","","","","جامعة دمنهور","","",""
"526","كلية الزراعة (دراسات عليا)","E334M121961","MP2501","اسامة","زيارة","","","","جامعة دمنهور","","",""
"470"," كلية الصيدلة","E334M121969","MP2501","اسامة","زيارة","","","","جامعة دمنهور","","",""
"74","كلية العلوم شئون خربجيين","E334M121985","mp2501","اسامة","زيارة","","","","جامعة دمنهور","","",""
"75","كلية الصيدلة","E334M320234","mp2501","اسامة","زيارة","","","","جامعة دمنهور","","",""
"989","المدرسة الفرنسية المصرية","E334M420043","MP2501","شعبان","زيارة","","","","جليم ش / فيلا المحافظ","","تبع م / خالد البربرى",""
"77","كلية التمريض الحسابات","E334M420106","mp2501","اسامة","زيارة","","","","جامعة دمنهور","","",""
"78","كلية الصيدلة (شئون العاملين)","E334M420138","mp2501","اسامة","زيارة","","","","جامعة دمنهور","","",""
"1576","الإدارة التعليمية ببولكلى","E334M420503","MP2501","شعبان","زيارة","329389","","","بولكلى","01288665045","ا / محمد",""
"79"," كلية الصيدلة","E334M420903","mp2501","اسامة","زيارة","","","","جامعة دمنهور","","",""
"80","كلية التمريض","E334M420904","mp2501","اسامة","زيارة","","","","جامعة دمنهور","","",""
"81","كلية الصيدلة","E334M420915","mp2501","اسامة","زيارة","","","","جامعة دمنهور","","",""
"83","كلية رياض الاطفال","E334M421048","mp2501","اسامة","زيارة","","","","جامعة دمنهور","","",""
"84","كلية العلوم شئون ادارية","E334M520554","mp2501","اسامة","زيارة","","","","","","",""
"1273","شركة هيلا ( الدور الرابع )","E334M720510","MP2501","شعبان","زيارة","","","","الزراعى - بجوار مستشفى الكلى","1271087776","م / خالد تبع البربرى",""
"1246","شركة هيلا","E334M820643","MP2501","طارق","زيارة","54177","","","الزراعى - بجوار مستشفى الكلى ( الدور الارضى )","1271087776","م / خالد تبع البربرى",""
"1267","شركة هيلا ( المخازن الارضى )","E334MB21219","MP2501","شعبان","زيارة","","","","الزراعى - بجوار مستشفى الكلى ( الدور الارضى )","1271087776","م / خالد تبع البربرى",""
"","معهد البحوث الاجهزة العلمية","E334MC21160","MP2001","ايمن","زيارة","","","","","","",""
"1186","احمد جيمى المدرية القديمة","E335MB21289ش","MP2501","","ارشيف","457148","","","مدرية الامن القديمة","01553588828","",""
"1033","مكتبة جيهان","E336M520793","MP2501","رضا","زيارة","","","","المندرة","1010661664","ا / حاتم",""
"364","مكتبة عم وليد","E336MA20977","MP2501","اسامة","زيارة","48548","","10/13/2022 12:00:00 AM","الراس السوداء  ش / الجراش","1226775702","النسر --- الحضرة الجديدة /  حي المهندسين",""
"1269","شركة هيلا ( الدور الاول HR )","E336MB20771","MP2501","شعبان","زيارة","","","","الزراعى - بجوار مستشفى الكلى ( الدور الارضى )","1271087776","م / خالد تبع البربرى",""
"1282","شركة هيلا HR","E336MB20940","MP2501","يوسف","زيارة","","","","الزراعى - بجوار مستشفى الكلى ( الدور الارضى )","1271087776","م / خالد تبع البربرى",""
"1942","ميناء اسكندرية الجيش","E337M121129","MP2501","يحيي","زيارة","","","","داخل الميناء -- الجيش","01095449928","احمد البرعى",""
"86","مكتب الوجستيك الميناء","E343M720170","MP2001","ايمن","زيارة","","","","الميناء","","ا / محمد حسين",""
"378","مشمش","E744K200362","MP2553","شعبان","زيارة","762120","","3/27/2023 12:00:00 AM","7 ش/ تاج الدولة من ش/ العاقصي الظاهرية --الضمان(20000) نسخة","1069875066","",""
"1278","ايمن ابوزيد","E744KA50396","MP2553","ايمن","ضمان","131720","","","","","",""
"1113","شركة الهاشميه","E744KA50421","MP2852","يحيي","زيارة","","","","وادى القمر","","احمد جمعه",""
"1130","محل فران ( خالد فران )","E744KA50646","MP2553","شعبان","زيارة","92693","","10/5/2025 12:00:00 AM","سموحة -- بجوار التامين الصحى","1206346529","",""
"1024","مكتبة الطارق","E754K200591","MP3053","رضا","زيارة","230403","","11/27/2024 12:00:00 AM","العصافرة","","",""
"1055","ا / عبد الخالق نعيم","E754K200592","MP3033","عرفة","زيارة","231701","","","كفر الدوار","01008997175","",""
"87","نادى الجياد (مركز الخدمات)","E754K650223","mp3053","شعبان","صيانة","","","5/31/2027 12:00:00 AM","سموحة","1222576979","ا / احمد السيد الشحات",""
"89","حضانة سمارت كيدز","E754K650460","mp 3053","طارق","زيارة","","","","كوبرى الناموس","1228320672","",""
"","مكتبة ابراهيم الفيروزة","E754K750520","MP3053","شعبان","زيارة","","","","حجر النواتية ابراج الفيروزة","01066174381","",""
"1627","نسرين","E754KA50317","MP3053","ايمن","زيارة","380371","","","داخل ميناء الاسكندرية","","",""
"2044","5 روستورز","E754KC50136","MP3053","شعبان","زيارة","92031","","","العصافرة ش  عل البحر45","01207621334","ايمن منصور",""
"90","ا/ حنان الميناء","E755K150031","MP3053","ايمن","زيارة","","","","باب 14 الميناء","","",""
"2158","ا/ احمد عاصم العدل","E764K500227","MP3053","شعبان","زيارة","279550","",""," سيدى بشر- ش/عقلي باشا","01226086799","01285834702",""
"1220","ايليت الطبية (الدور 4)","E764K500227 ش","MP3053","","ارشيف","46745","",""," الدور الرابع -الطريق الدائرى قبل كارفور","1559993069","الايجار 880 جنية",""
"1798","ايفرست / سعودى","E96220306","MPC6003","شعبان","صيانة","1045794","807361","12/30/2026 12:00:00 AM","جانكليس","1283982389","03/5841510",""
"1086","شركة اكسا للملابس الجاهزة","EX7005784","OX5855","تمام","زيارة","","","","برج العرب","","تبع حمادة الشركة الدولية",""
"816","مكتبة باريس","EX7409619","OX5855","تمام","زيارة","","","","ش / الرحمة - خورشيد","1229579092","ا / عبد القادر",""
"92","مدرسة الامل","EX7417605","OX5855","شعبان","زيارة","","","4/30/2025 12:00:00 AM","الفلكى / عزبة زقزوق","1066736343","01226347592",""
"19","مدرسة الضوي2","EX9308568","OX 5890","ايمن","صيانة","","","10/1/2023 12:00:00 AM","العجمى الهانوفيل","","",""
"1995","شركة امجاد","FS-2000D","FS-2000D","كريم","زيارة","139513","","","","01227547353","اسلام",""
"1716","مخزن الفا فارما للادوية","G074P300502","MPC401","مجدى","زيارة","545076","139705",""," ارض فضالى ش / الكهرباء","","",""
"93","ادوية السيوف (سكرتارية)","G074P300502 ش","mpc401","","ارشيف","","","","السيوف","1090718182","01273216848 مؤمن حسابات",""
"506","محمود  الجوكر","G074P500181","MPC401","الزهري","زيارة","","","","ابو سليمان ( الشهر العقارى)","1281003008","",""
"913","ا / عاطف رجب اسماعيل","G074P900364*","MPC401","ايمن","زيارة","33697","52296","6/30/2024 12:00:00 AM","قرية الصفا ابو تلات --الضمان(10000) نسخة","1275532868","01200449273",""
"1466","محمد عصمت عبد القوى","G074P900547","MPC401","شعبان","زيارة","146541","144347","4/16/2025 12:00:00 AM","طنطا","1099346606","",""
"1612","م / هناء عبد القادر","G074PA00369","MPC401","","زيارة","519060","98050","","مطروح","","الماكينة مباعه بمبلغ 8000 جنيه وبدون ضمان",""
"742","مصنع نجم للملابس","G074PA00391","MPC401","شعبان","صيانة","149156","145342","3/28/2027 12:00:00 AM","الحضرة الجديدة","1221260660","ا / محمد ابراهيم",""
"1016","الصاوي (محمود شوقى)","G075P600590","MPC401","ابو العباس","زيارة","24635","7207","","المعمورة - الالة مباعة بدون ضمان","1020570660","الصاوى",""
"965","مجزر جالى","G075P700397","MPC 401","رضا","زيارة","144759","36356","8/10/2024 12:00:00 AM","ابيس 2 الحسينية","","الالة مباعة بدل 242 بسعر 11000 جنية دفع 4000 جنية وباقى 7000 جنية قسط",""
"635","المدينة للمرأة لطب الاخصاب (رحاب السعيد)","G075P800388","MPC401","مجدى","زيارة","136389","668","12/18/2023 12:00:00 AM","سموحة - العيادات","","",""
"827","مكتبة رسالة احمد عبد اللاه","G075PA00440","MPC401","شعبان","زيارة","184330","121569","4/20/2024 12:00:00 AM","سابا باشا -- الضمان (20000) نسخة","1027013370","",""
"1029","عمرو على على","G075PB00568","MPC401","رضا","زيارة","11788","23575","4/6/2025 12:00:00 AM","العامريه ضمان 6 شهور او 10000 نسخه","127835598","",""
"575","سيبر الرزل","G075PB00901","MPC300","شعبان","زيارة","29376","130995","11/3/2023 12:00:00 AM","ش / مكة جانوتي","1092790366","01200519505",""
"960","مكتبة وليد ( الشرقاوى)","G075PC00573","MPC 401","شعبان","زيارة","89070","21088","8/2/2024 12:00:00 AM","كوبري الناموس ش / المواسير","1280371789","الالة مباعة 14000 جنية دفع 7000 وباقى 7000 مقسمة على 6 اشهر",""
"1036","عم شعبان","G075PC00690","MP401","شعبان","زيارة","56740","30364","7/11/2026 12:00:00 AM","ش/المواسير ابو هريرة","1289479407","",""
"2048","تارجت","G075PC00745 ش","MPC401","","ارشيف","196382","51512","3/22/2027 12:00:00 AM","ش - وابور المياه","","",""
"1357","د / محمود كليوباترا","G075PC00760","MPC401","مجدى","زيارة","42358","63769","7/20/2025 12:00:00 AM","كليوباترا","1006168388","",""
"587","المدينة للمراة HR","G075PC01186","MPC401","مجدى","زيارة","90230","33048","11/12/2023 12:00:00 AM","سموحة","","",""
"1290","اسبوت اون","G075PC01247","MPC401","مجدى","صيانة","131520","146674","8/12/2026 12:00:00 AM","المنشية -- الضمان (10000) نسخة","1226010654","ا/حسن",""
"1468","المدينة للمراة (الاستقبال)","G075PC01248","MPC401","مجدى","زيارة","","","","سموحة","","",""
"1642","مكتبة نور الهدى","G076P100377","MPC401","شعبان","زيارة","6784","8507","2/8/2026 12:00:00 AM","ش العقصي - الظاهرية - الضمان ستة أشهر أو عشرة آلاف نسخة","1228213138","جابر محمد محمد عمر",""
"1384","دار الشفاء (العجمي)","G076P200356","MPC401","ايمن","زيارة","","","","العجمي","","",""
"1548","فاست 2","G076P700095","MP401","مجدى","صيانة","45309","25647","6/5/2027 12:00:00 AM","المنشية","1226010654","",""
"2181","مكتب ا / عدل","G076P700148","MPC401","ايمن","ضمان","148419","65716","1/4/2027 12:00:00 AM","داخل الميناء باب 10","01061335216","ا / عدل",""
"1007","دار الهلال","G076PA00777","MPC401","شعبان","زيارة","199148","31897","11/16/2024 12:00:00 AM","شارع الازاعة","1272971037","عم حمدي",""
"562","الاخوة فون","G076PB00672","MPC401","شعبان","زيارة","21896","9009","10/11/2023 12:00:00 AM","الحضرة اخر ش/ العمدة","1279534977","باقي حساب الالة (5000)الاف جنية مقسمة الى خمسة ايصالات امانة",""
"672","الحصان الابيض","G076PC00485","MPC300","مجدى","زيارة","25015","85054","","اول ميناء الدخيلة","","الالة مباعة جملة",""
"1180","مكتب المحاسبون العرب","G077P500207","MP401","شعبان","زيارة","9087","9859","8/26/2025 12:00:00 AM","ش/عبد الخالق ثروت - لوران","1272007961","ا/ وائل عبد الله",""
"925","مكتبة الدكتور","G077P700179","MPC 401","شعبان","زيارة","26980","15420","3/18/2025 12:00:00 AM","كوبرى الناموس - امام مسجد القدس","1282343273","محمود عادل الشربينى",""
"1414","ا / خليل عبد الرحمن","G077PB00163","MP401","شعبان","زيارة","","","8/13/2025 12:00:00 AM"," ضمان 3 شهوربجوار عصير مكة","1006943188","",""
"1252","المدينة للمراة","G078P400193","MPC401","مجدى","زيارة","","","6/19/2025 12:00:00 AM","الضمان (5000) نسخة","","",""
"1849","مركز اللوتس الطبى","G078P400586","MPC401","شعبان","صيانة","70585","157936","10/24/2026 12:00:00 AM","سموحة - شارع فوزى معاذ  ---الضمان(5000) نسخة","01000152523","د / امل",""
"823","فاست 2","G078P500292","MPC 401","مجدى","صيانة","31058","69958","6/5/2027 12:00:00 AM","المنشية","1226010654","03/4839553",""
"1829","شركة مياه الشرب الادارة المالية","G078P600111","MPC401","ايمن","زيارة","","","","باب شرق -- ش / فؤاد","","",""
"996","مطبعة الولاء","G078P600111 ش","MPC401","مجدى","زيارة","12123","1657","","الحضرة / بجوار قهوة حسان","1111190791","01221855250",""
"1359","اراند اى للخدمات البترولية","G078P600219","MPC401","مجدى","زيارة","56950","51457","1/9/2025 12:00:00 AM","سابا باشا -- الضمان(10000) نسخة","1069230203","ا / محمد ممدوح",""
"1214","مخزن الفا جروب للادوية","G094PA00111","MPC401","مجدى","صيانة","293845","41018","5/17/2027 12:00:00 AM"," ارض فضالى ش / الكهرباء","1017102749","د/ وليد (01007227572)",""
"638","مكتبة الملكة والامل","G094PB00234","MPC300","","زيارة","","","","الازريطة","1222362229","",""
"1374","مكتبة الوسام","G095P400477","MPC401","رضا","زيارة","60","0","12/6/2024 12:00:00 AM","كينج مريوط -- الضمان (5000) نسخة","1062506881","01289129514",""
"1534","مكتبة النجاح","G184RA50054","MP5054","شعبان","زيارة","500732","","","خورشيد","1277738880","ا / رامى ( 01284774999 )",""
"1711","مؤسسة سواق الخير","G435P800134","MPC306","رضا","زيارة","25067","6483","5/8/2026 12:00:00 AM","عمارات ضباط مصطفى كامل","","",""
"1515","احمد عادل عبد الهادى","G435P800173","MPC306","شعبان","زيارة","305826","69010","5/27/2025 12:00:00 AM","ش/ معازبن جبل-- بجوار الشركة -- الضمان(5000) نسخة","1211895287","",""
"1309","الحاج/ اشرف عبد العزيز","G435PC00437","MP306","شعبان","زيارة","36904","43407","6/10/2025 12:00:00 AM","الضمان 10000نسخه او6شهور","","سيدى جابر",""
"1725","محمد جمعة محمد","G436P300290","MPC306","عادل","زيارة","","","","كفر الدوار","1027306594","تبع م / ايمن الجمال",""
"881","احمد زكى للمحاماه والاستشارات القانونية","G445P801565","MPC306","طارق","زيارة","23633","41773","6/8/2024 12:00:00 AM","سيدى بشر بحرى -- الضمان (10000)","1119202325","",""
"1725","المدينة للمراة (الحقن المجهري)","G445PC00253","MPC307","مجدى","زيارة","","","","","","",""
"2","سيليا للشحن والخدمات اللوجيستية","G445PC00734","MPC306","مجدى","ايجار","31293","79357","12/30/2026 12:00:00 AM","ش / فؤاد -- اوفر سيز","01222392577","ا / احمد المراغى",""
"1726","المدينة للمراة (الحقن المجهري)","G445PC02280","MPC307","مجدى","زيارة","","","","","","",""
"2218","ا / هشام حامد","G446P100432","MPC307","عادل","ضمان","72913","60902","10/19/2026 12:00:00 AM","تيار نساء من اجل مصر -- المعمورة","01004228825","",""
"1","أ. عز الدين احمد","G446P202254","MPC306","طارق","زيارة","","","","محرم بيك","1289671859","",""
"5","شركة البداية للنقل الدولى والتصدير","G446P300779","MPC306","مجدى","ايجار","137039","42609","12/30/2026 12:00:00 AM","داخل ميناء الاسكندرية","","",""
"2070","شركة ميسكو الريسبشن (الادارة)","G446P405374","MPC307","مجدى","ايجار","220362","52443","","خلف/ استاد الاسكندرية","1202767777","01283829774",""
"","ا / شعبان (معرض السيارات البنزينة)","G446P600240","MPC306","عادل","ضمان","139546","106491","9/21/2026 12:00:00 AM","بجوار الشركة","","",""
"3","شركة البداية للنقل الدولى والتصدير","G446P600314","MPC306","مجدى","ايجار","102233","35082","12/30/2026 12:00:00 AM","داخل ميناء الاسكندرية","","",""
"1761","ا / محمد وجية","G446P600315 ش","MPC306","","ارشيف","12770","38849","1/13/2026 12:00:00 AM","سيدى بشر ارض فضالى اعلى بازار الرياض","1003703459","03/5336234",""
"1","سيليا للشحن والخدمات اللوجيستية","G446P601171","MPC306","مجدى","ايجار","42651","16645","12/30/2026 12:00:00 AM","ش / فؤاد","01222392577","ا / احمد المراغى",""
"1439","ايتاي البارود","G446P703457","MPC306","رضا","زيارة","","","","ايتاي البارود","","",""
"564","شركة ميسكو (ميناءالاسكندرية)","G446P704915","MPC306","عادل","ايجار","45782","","","مكتب النقل ميناء الاسكندرية باب 10/ (يوروشيبنج)","1284085111","( ا /عصام -- 01274400843 ) ا/ محمد زكريا",""
"1274","استوديو النصر","G446P704915 ش","MPC306","","ارشيف","35989","","2/5/2025 12:00:00 AM","سموحة","1212324402","ا / خالد عصام",""
"","سيليا للشحن والخدمات اللوجيستية","G446P902093","MPC306","مجدى","ايجار","8882","15015","12/30/2026 12:00:00 AM","الاستقبال -- ش / فؤاد","01222392577","ا / احمد المراغى",""
"2080","هاى كوالتى برج العرب","G446PA00279","MPC306","عادل","زيارة","33074","58237","7/10/2026 12:00:00 AM","( كوالتى تارجت ) برج العرب","01271723322","ياسر ابراهيم عبد الكريم",""
"1764","الاكاديمية","G446PA00287","MPC306","مجدى","صيانة","66757","148762","8/31/2026 12:00:00 AM","المنتزة","1272796901","",""
"1742","شركة ميسكو (الادارة) الدورالاول","G446PA03575","MPC306","مجدى","ايجار","8029","6259","","خلف/ استاد الاسكندرية","","",""
"2","ا / عمرو عبد الله عبد العاطى المحامى","G446PC03440","MPC306","شعبان","زيارة","30212","88223","5/17/2026 12:00:00 AM","الفلكى بجوار كفيتريا ابو هندى","01224058538","01558422279",""
"2221","مستشفى النهار","G479M230231","MPC2011","شعبان","ايجار","111951","49520","7/31/2027 12:00:00 AM","ش / الترعة المردومة","01220656766","",""
"1131","مباحث التموين العامرية","G586P200012","MPC305+","رضا","زيارة","67883","","10/5/2025 12:00:00 AM","قسم العامريه ضمان 3 اشهراو 5000 نسخه","107045942","01201991462",""
"1070","شركة ميسكو (دمياط)","G587P103464 ش","MP305+","","ارشيف","13462","","","دمياط","","",""
"1335","المدينه للمرأة (طنطا)","G587P601047","MP305+","مجدى","زيارة","115276","","10/14/2025 12:00:00 AM","ضمان 10000 ن او6شهور","","",""
"1128","شركة ميسكو مرغم ( الايداع)","G587PA00352","MP305+","عادل","ايجار","","","","مرغم / امام بنزينةTOTAL","1224723748","ا / محمد فتح الله",""
"1170","شركة ميسكو مرغم (الجراج)","G587PA00362 ش","MP305+","","ارشيف","","","","مرغم / الجراج","1204411027","01201663351 -- ا / مينا",""
"1337","المدينه للمرأة(طنطا)","G589P701093","MP305+","مجدى","زيارة","132657","","10/14/2025 12:00:00 AM","ضمان 10000 ن او6شهور","","",""
"95","معهد البحوث المشتريات","H6717101229","MP1805","ايمن","صيانة","","","","الحضرة البحرية","","صيانة بجانب العقد",""
"","معهد البحوث","H6717101257","MP1018","ايمن","زيارة","","","","امام كلية الهندسة","","",""
"606","محمد صابر ( قسم الرمل)","H6736500886","MP1018","يحيي","زيارة","195190","","","البشبشا","1270298090","",""
"621","م / حسن باكوس","H7012900567","MP2035","رحيم","زيارة","","","","","1288366678","",""
"1803","ا / بلال ( نسيب شريف حفنى )","H9038801991","MP120","كريم","زيارة","","","","ش / المواسير","1225733034","",""
"832","مكتبة العزازي","hassan","mp3045","يحيي","زيارة","595907","","","المراغي","01226339122","ا/رمضان العزازي",""
"1031","قسم الرمل اول (مركز الصلاح)","J0110904079","MP 2022","شعبان","ايجار","598465","","","فلمنج / بجوار قسم الرمل اول","1275210157","01270491166",""
"727","مدرسة البيضة المزدوجة","J0122302865","MP1022","اسامة","زيارة","","","","البيضة -- طريق كفر الدوار","1225944898","ا / احمد عبد اللطيف",""
"1218","مكتبة الصفوة طوسون","J0134400429","MP1022","مصطفى","زيارة","303367","","","طوسون","1276574857","ا / ابراهيم",""
"16","مكتبة الصفوة طوسون","J0211202957","MP1022","مصطفى","زيارة","247489","","","طوسون","1276574857","ا / ابراهيم",""
"728","مدرسة البيضة المزدوجة","J8332200687","MP2022","اسامة","زيارة","","","","البيضة -- طريق كفر الدوار","1225944898","ا / احمد عبد اللطيف",""
"800","مكتبة اليسر","J8334801248","MP 2022","رضا","زيارة","290783","","","كوبرى الناموس","1221653473","03 / 5032847",""
"716","اسعد فاروق صادق","J8343801787","MP1022","شعبان","زيارة","404442","","","ش/ احمد عرابي (العطارين)","1220465764","",""
"10","عم أشرف","J8344100567","MP1022","رضا","زيارة","516309","","","العجمى","","",""
"1726","مركز السمان اسكوت","J8344600677","MP1022","شعبان","زيارة","","","","اسكوت ثالث عمارة بعد الطريق الدولى","1224900690","",""
"96","مكتبة الروضة (ابو اسلام)","J8344601667","DSM 622","شعبان","زيارة","","","","شارع عمر","1004491852","",""
"588","فادى سجلات الدخيلة","J8344802268","MP1022","ايمن","زيارة","796766","","8/15/2023 12:00:00 AM","قسم الدخيلة الجديد -- الضمان ( 5000) نسخة","1002271483","",""
"97","رامى البكاتوشى(سبيدر مان)","J8353902350","MP 2022","شعبان","زيارة","456134","","","البكاتوشى","1272376132","تم تغير شاسية بتاريخ 9/8/2022",""
"539","ا / عادل الزرقاء (المحامى)","J8444501477","MP3350","شعبان","زيارة","426346","","10/4/2023 12:00:00 AM","فيكتوريا","1023201942","",""
"495","علي امبروزو سجل محرم","J8444701194","MP2027","شعبان","زيارة","","","","امبروزو","1271840522","",""
"1047","مكتبة اسلام مجدى","J8453700353","MP1022","شعبان","زيارة","","","","","120273106","",""
"961","مدرسة شيبوب (صباحى)","J8454100319","MP 627","اسامة","زيارة","","","","المعمورة","1503736664","01008835755",""
"762","مدرسة احمد زويل","J8544700147","MP 1022","شعبان","زيارة","","","","","","",""
"689","مدرسة تقسيم الزهور","J8554000095","MP1027","اسامة","زيارة","","","","المعمورة","","",""
"449","مدرسة عبد الله النديم","J8643800691","MP1022","شعبان","زيارة","","","","مصطفى كامل","1223706765","",""
"1141","مكتبة وش السعد","J8643900930","MP1022","شعبان","زيارة","","","","","","",""
"954","سنتر البرنس","J8653800694","MP1022","السيد","زيارة","","","","محرم بيك خلف الكنيسة بجوار قهوة الملوك","1094060125","ا / خالد محمد عبد الناصر",""
"1377","بوني كات","J8654200093","MP1022","شعبان","زيارة","","","","المعمورة البلد مزلقان الشرطة العسكرية","1282918005","",""
"736","جمعية  صناع الحياة","J9056110179","MP 1022","شعبان","زيارة","","","","16 تنظيم غبريال شدس","1090848070","ا / ناصر",""
"472","معهد البحوث المحفوظات","J9146301402","MP618","ايمن","زيارة","","","","الحضرة البحرية","","",""
"785","معهد البحوث (وكيل المعهد)","J9156120480","DMC 618","ايمن","زيارة","","","","الحضرة البحرية","","",""
"98","معهد البحوث (الاجهزة العلمية)","J9156610128","DSM 618","ايمن","زيارة","","","","الحضرة البحرية","","م / ابراهيم",""
"985","مكتبة الضياء","J9246401885","MP2018","اسامة","زيارة","","","","المعمورة / الطابية","1277212876","ش / ابراهيم",""
"194","حضانة كادر اكاديمى","K2068803666","MP 1515","شعبان","زيارة","","","","سيدى جابر","1278208682","",""
"1012","مدرسة الشهيد احمد عباس","K2149200888","MP 1515","شعبان","زيارة","","","","","1006893260","ا / يسرى",""
"690","ا / تركى بسيوني","K2159404047","MP1515","خالد","زيارة","43870","","","عمارات شباب الرمل المحمودية","","",""
"1602","مديرية التعاون الزراعي للمنشية","K2168704357","MP161","السيد","زيارة","173311","","","المنشية","1221717741","ا/ طلعت",""
"726","مدرسة البيضة المزدوجة","K2168806147","MP 415","اسامة","زيارة","","","","البيضة -- طريق كفر الدوار","1225944898","ا / احمد عبد اللطيف",""
"1169","حضانة رياض الصالحين","K2169003833","MP 201","شعبان","زيارة","","","","الفلكى ش 16 الملك -- مسجد رياض الصالحين","1221824250","",""
"1364","ا/كريم","K2169103492","MP1515","يحيي","زيارة","160476","","","","1003965881","",""
"1935","ا / عصام فتحى","K2169105616","MP1515","يحيي","زيارة","","","","تبع مطبعة المهندس","01283003090","",""
"901","ا / محمد عمارة","K2169305417","MP1515","يحيي","زيارة","","","","سيدى بشر","1094333387","",""
"906","مكتبة الحمد ( ام احمد )","K2169403216","MP161","شعبان","زيارة","","","","المراغى","1270082049","",""
"1423","ا/صلاح المحامى","K2169403579","MP1515","يحيي","زيارة","","","","","","",""
"17","مكتبة عمار","K2248801349","MP1515","","زيارة","","","","","1000216775","",""
"922","معهد الفتيات الازهرى","K2268700690","MP 171","شعبان","زيارة","","","","الظاهرة على مزلقان القطار","1029729164","ا / خالد",""
"1080","مؤسسة حسن عباس","K2368600054","MP161","شعبان","زيارة","","","","باكوس - الترام","1277064770","تبع م / خالد البربرى",""
"876","مدرسة شيبوب (صباحى)","K8166211189","MP 616","اسامة","زيارة","","","","المعمورة","1503736664","01008835755",""
"694","البنك العقارى","K8266410347","MP 2018","شعبان","زيارة","","","","جانكليس","1227687663","ا / زكريا",""
"99","الحراريات (معمل الاجهزة)","K8266510466","DSM620","شعبان","صيانة","226484","","1/31/2027 12:00:00 AM","الحضرة","1226430865","0126430865/اشرف البدرى",""
"1260","ا/مراد المحامى","K8366110154","MP2000","شعبان","زيارة","","","","","","",""
"1394","معهد الدراسات العليا","K836620834","MP2000","مجدى","زيارة","","","","","","",""
"1536","ام محمد الحضره","K8366510364","MP2000","شعبان","زيارة","173284","","","01206614893","","",""
"372","مدرسة الخنساء","K8366811480","DSM620","شعبان","زيارة","","","","سموحة / خلف التامين الصحى","1226143088","",""
"1136","نادى النصر( حمام السباحة )","K8554600415","MP2550","رضا","زيارة","101500","","","","","",""
"537","مدرسة طارق بن زياد","K8554703256","MP1022","شعبان","زيارة","","","","بجوار التأمين الصحى سموحة","","",""
"1366","مركز شباب الانفوشي","K8554800441","MP1022","شعبان","زيارة","","","","بحرى بجوار قلعة الاسكندرية","","",""
"602","سيبر مكة","K8554803307","MP3030","يوسف","زيارة","","","","ابو سليمان / بجور كشرى البركة","1201468770","",""
"2110","محمد حسن باكوس","K8554804001","MP3025","يحيي","زيارة","","","","باكوس","01118603721","",""
"424","مدرسة طارق بن زياد","K8554804021","MP 3025","شعبان","زيارة","","","","بجوار التأمين الصحى سموحة","","",""
"100","الحراريات (المبيعات)","K8563700734","DSM725","شعبان","صيانة","260789","","1/31/2027 12:00:00 AM","الحضرة","1200155670","0126430865/اشرف البدرى",""
"101","ايفرست / سعودى","K8563901702 ش","DSM 725","","ارشيف","","","12/31/2024 12:00:00 AM","جانكليس","1283982389","03/5841510",""
"1312","فرج صابر","K8564101992","MP 725","اسامة","زيارة","","","","","","",""
"1763","ا / ابراهيم حمدى","K8564200473 ش","MP1022","","ارشيف","","","","العجمى الدريسة بجوار جامع القويرى","1223813191","",""
"102","يوسف تكنولوجى","K8564201785","MP3025","طارق","زيارة","","","","محطة مصر","1270562823","",""
"1254","مكتبة ميرو","K8564202648","MP1027","شعبان","زيارة","","","","محطة ترام  السيوف","1112000084","01223456792",""
"576","مدرسة شباب المستقبل","K8654600630","DSM730","ايمن","زيارة","","","","العجمى","","",""
"920","مدرسة البحر المتوسط","K9363301405","MP3035","طارق","زيارة","","","","سموحة","1281271035","ا / اميمة",""
"1000","محمد يحيي زكريا","K9463000412","MP3045","يحيي","زيارة","","","","ش / شعوط -ليمان","1222781681","",""
"656","الصوال احمد (الجيش المستعمرة)","K9463101611","MP3045","طارق","زيارة","","","","المستعمرة","1014199012","",""
"1104","مكتبة الشيماء","K9463101661","MP3045","يحيي","زيارة","","","","السيوف صندوق الدعم - شارع 9","1063203890","",""
"1600","مكتب أحمد الحلوانى (محاسب قانونى)","K9463201719","3045","شعبان","زيارة","187045","","","سموحة شارع مصطفى كامل","1288633449","",""
"103","شركة مياه الشرب سيدي بشر","L3664700269","MPc2500","شعبان","صيانة","","","11/22/2026 12:00:00 AM","سيدى بشر","","01279889781  -- ا/ رضا",""
"465","مكتب النجار (لوران)","L3664800810","MPC2500","رحيم","زيارة","","","","لوران","","تبع م / عباس الصرف",""
"1231","مدرسة براعم الكمال","L3673701099 ش","MPC2500","","ارشيف","","","","عزبة محسن الكبرى","1224000862","ا / هشام",""
"104","شركة مياه الشرب موارد بشرية","L3673805549","mbc2500","ايمن","زيارة","","","11/22/2023 12:00:00 AM","شارع فؤاد","","",""
"675","مكتبة المعتز","L3674101657","MPC2500","رحيم","زيارة","","","","سيدى بشر ش/محمد نجيب","1210622434","",""
"1322","ا / مصطقي خالد","l3674603467","mpc2500","طارق","زيارة","","","","العامرية الناصرية القديمة امام البنك الزراعي","1288892086","",""
"105","شركة الشوري","L3684002444","MPC2500","طارق","زيارة","","","12/31/2022 12:00:00 AM","برج العرب","1143909550","",""
"118","مدرسة امون","L3684302515","MPC2500","شعبان","زيارة","431525","117536","","ش/ النقل و الهندسة","1275888476","د / مصباح",""
"","دكتورهشام","L3684401337","MPC2500","كريم","زيارة","","","","","","تبع رضا القدس",""
"1001","مكتبة الضياء","L3684500304","MPC2500","اسامة","زيارة","","","","المعمورة / الطابية","1277212876","ش / ابراهيم",""
"1168","مصنع شاتورنا","L3773701356","MPC2050","شعبان","زيارة","","","","بجوار السكة الحديد","1284161009","",""
"382","القوات البحرية","L3774200833","MPC3000","ايمن","زيارة","","","","","","",""
"1525","شركه مصر جلف للملاحه","L3774300793","MP3000","شعبان","زيارة","82718","140786","","جليم","1003304703","03/5755604",""
"","جمعية نافذة الخير","L3774600601","MPC2000","تمام","زيارة","","","","نزلة ابو سعد","1145763627","01225152052",""
"932","سيبر الماجيك","L3784200335","MPC2500","طارق","زيارة","","","","المندرة","1285919356","",""
"1387","وائل محمد عبد النبي","L6876165714","MP2000","السيد","زيارة","115934","","","","1228641596","ا/ وائل",""
"844","عمر عبد المنعم ( ش عشرين)","L6877261498","MP 1600","شعبان","زيارة","","","","باكوس ش / 20","1201525757","",""
"2026","شركة مضارب اسكندرية","L6886361399","MP1600","شعبان","زيارة","","","","المطار","01008506677","ا / فرج عاطف",""
"1869","اليكترو الحبشى","L6887060533","MP2000","يحيي","زيارة","","","","اسلام -- برج العرب","01100957683","01200667886",""
"413","مدرسة  طة حسين","L7006760720","MP 2000","","زيارة","","","","فلمنج / ش مصطفي كامل","1223592012","",""
"107","شركة الكوثر للانشاءات","L7007161560","mp2000","شعبان","زيارة","84803","","12/21/2022 12:00:00 AM","سيدى بشر بحرى -- الضمان (5000) نسخة","1069140039","03/5570147 - 012787398973",""
"818","مكتب حسين ابو حجاب","L7016260213","MP 2000","رضا","زيارة","73034","","4/13/2024 12:00:00 AM","24 ش الامان الورديان -- الضمان (5000) نسخة","1282696963","",""
"108","مدرسة الصالحية","L7016460753 ش","Mp2000","","ارشيف","","","","كوبرى الناموس","","",""
"109","الحراريات ( مخازن )","L7016460782","mp2000","شعبان","صيانة","58309","","1/31/2027 12:00:00 AM","الحضرة","1200155670","تجديد سنوي تلقائى",""
"346","مدرسة د/ حسن صبحى","L7016660136","MP2000","ايمن","زيارة","","","","","","",""
"1686","قسم الرمل ثانى (التسجيل الجنائى)","L7017261481","MP2000","شعبان","ايجار","219646","","","قسم رمل ثان","1205089897","",""
"112","الحراريات (مشترايات محلية)","L7026361179","mp2000","شعبان","صيانة","45240","","1/31/2027 12:00:00 AM","الحضرة","1200155670","تجديد سنوي تلقائى",""
"1511","مدرسه تبع م/رضا  القدس","L7066301932","MP2000","رضا","زيارة","210901","","11/21/2024 12:00:00 AM","","","",""
"461","مدرسة  ماجد شاكر","L7076164608","MP 2000","","زيارة","","","","سموحة","","",""
"113","الاكاديمية   مكتب الامن","L7077261248","mp2000","مجدى","صيانة","","","8/31/2026 12:00:00 AM","المنتزة","1272796901","",""
"","الحراريات (سكرتارية)","L7086162526","MP2000","شعبان","صيانة","","","1/31/2027 12:00:00 AM","الحضرة","","الالة بدون عقد صيانة",""
"1147","النقابه العامه للنقل البحرى","L7086561290","MP2000","شعبان","صيانة","","","3/28/2027 12:00:00 AM","كليوبترا","","",""
"307","T . M . I","L7086660183","MP2000","عادل","ايجار","151859","","8/17/2025 12:00:00 AM","منطقة حرة - (مكتب الجودة والانتاج)","1061662570","الحد الادنى للايجار 500 جنية لعدد نسخ 5000 نسخة",""
"1162","عصمت وجيه","L7086961462","MP2000","رضا","زيارة","280690","",""," كفر الدوار بدون ضمان","1289316954","",""
"1711","ا / محمد السيد ( ماجيك )","L7087060985","MP2000","يحيي","زيارة","","","","","1117119106","تبع توشيبا",""
"1226","شركة النيل للمصاعد","L7087160020","MP2000","شعبان","زيارة","","","","الساعة -- ش التدريب المهنى","1555480109","ا / تامر اسماعيل",""
"556","اكاديمة الاتحاد العربى للتدريب","L7096760959","MP 2000","رضا","ايجار","446693","","","ش / النصر المنشية","1274574583","ا / جورج",""
"1015","مدرسة الرمل بنين","L7872500251","MP6500","شعبان","زيارة","","","","محطة ثروت ترام","1063340540","",""
"114","مدرسة الميريدين","L7973600152","mp7500","ايمن","صيانة","","","10/1/2023 12:00:00 AM","العجمى الهانوفيل","","",""
"772","سنتر برافو","L7L5X11892","KY 5501","رضا","زيارة","","","","باكوس ش/ سينما  ليلى","1279696971","ا / رشا",""
"1717","مكتبة الاندلس","L7Q3Z02361","KY4501I","عادل","زيارة","","","","","1094636863","",""
"2056","مكتبة النجاح","L7Q5106251","KY4501I","شعبان","زيارة","","","","خورشيد","","",""
"698","جمعية منارة العلم (برافو)","L7Q6613483","KY4501","رضا","زيارة","","","","جليم -- امام مستشفى الشروق","1221186011","",""
"180","المدرسة المصرية الانجليزية","L7U3804578","KY3501","مجدى","ايجار","","","","المندرة -- طريق الملاحة","","الريسبشن",""
"1644","مكتبة طيبة","L7U5Z22973","MFP3501","عادل","زيارة","647764","","","شارع  عشرين","1221608781","",""
"","بيت الجملة فرع ميراج استلام","L873906433","KY3051CI","وائل","ايجار","256001","153835","","","","",""
"","بيت الجملة فرع العبور استلام","L873Z10535","KY3051CI","وائل","ايجار","216871","544020","","العبور","","",""
"1998","شركة كراس","L875129275","KY3051","رضا","زيارة","","","","تبع عبد الرحمن المحاسب","","",""
"1955","الفارس باك اليكس","L875330899","KY3051CI","رضا","زيارة","","","","طريق الطابية المعمورة","01555535521","ا / وليد",""
"","بيت الجملة فرع عبور HR","L875738800","KY3051CI","وائل","ايجار","394425","77240","","العبور","","",""
"1389","شركة ميسكو ( جلوب لينك بور سعيد)","L875941330","KY3051ci","مجدى","ايجار","76921","144110",""," بور سعيد","01276889887","محمد مهران",""
"2068","شركلة اليكس مارين","L875X42150","KY3051CI","عادل","زيارة","","","","محمد نجيب ع البحر","01019666367","م/اسراء",""
"1539","سباير فارما","L876351116 ش","KY3051CI","","ارشيف","","","4/26/2026 12:00:00 AM","","","",""
"209","مكتبة الاخوة ( احمد اكسسوار)","L876552115","KY3054Ci","رضا","ايجار","","","","كرموز ش 8","","",""
"1580","مكتبة التيسير","l8f4907590","KY4551C","عادل","زيارة","444632","48344","","غبريال ش حسن طوبار","1222771995","أ / محمد أسامة 0100906749",""
"1018","فادى","L8F4Y09399","KY4551Ci","رضا","زيارة","","","","الدخيلة","","",""
"1871","شركة كراس","L8K3500174","KY3551CI","رضا","زيارة","","","","تبع عبد الرحمن المحاسب","","",""
"","بيت الجملة فرع العبور مشتريات","L8K4605799","KY3551CI","وائل","ايجار","587626","172994","","العبور","","",""
"349","مكتبة عجمستا","L8Z5901573"," KY6501","","زيارة","","","","باكوس ش 20","1287408996","",""
"990","مطبعة هاى كوالتى","L9084200816","MPC2500","وسام","زيارة","","","","لوران","1203499082","ا / بسام",""
"1064","ا / ايمن عطا","L9769100812","MP171","مروان","زيارة","","","","السيوف","1223831872","",""
"","مدرسة المحور 4","L9778700761","MP161","كريم","زيارة","220188","","","امام كوبري الناموس","1284946694","",""
"777","ا / ياسرعبد الرحمن","L9989600469","MP 161","يحيي","زيارة","","","","مدرسة الصالحية","1273476112","",""
"2211","بيت الجملة (بركة السبع)","LEF4708204","KY3005CI","وائل","ايجار","618505","131971","","المنوفية  -- بركة السبع","1211667301","م / وائل المنوفية",""
"1175","مكتبة هدى الاسلام","LEF5X15613 ش","KY3005CI","","ارشيف","73750","87130","","ش مكه","1100097749","0112512323ا/حازم نبيل",""
"","بيت الجملة فرع ميراج تسويق","LEF5X16296","KY3005CI","وائل","ايجار","154341","27970","","","","",""
"2006","سنتر القدس","LEG5X03027","KY3505CI","عادل","زيارة","","","","عزبة سكينة","01115026474","ا / احمد",""
"679","مؤسسة بصيرة","LEG5X03054","KY3505","رضا","زيارة","120945","137177","","لوران","1013054320","ا / مى",""
"888","شركة النهار الساطع","LEG5X03207","KYC 3505","طارق","زيارة","","","","جميلة ابو حريد","1211407770","ا/ محمد حسن",""
"14","مكتبة الاخوة ( احمد اكسسوار)","LEG5Z03693","KY3505Ci","رضا","ايجار","","","","كرموز ش 8","","",""
"1010","شركة ارت تريد","LEH3600249","KY4505C","مجدى","مطلوب عقد","","","4/17/2026 12:00:00 AM","سيدى جابر","1008312224","ا / حاتم",""
"2045","مكتبة اوريكا","LEJ5X01730","KY5505CI","رضا","زيارة","","","","محرم بيك على الترام","01225326203","كيرو",""
"115"," شركة مانزتكس","LEL4701286","ky4555","رضا","زيارة","650534","","5/29/2023 12:00:00 AM","عزبة حجازى","1222494105","01223529927",""
"1731","جولدين ستارز","LEXMARK","M1145","مجدى","صيانة","","","8/31/2026 12:00:00 AM","عزبة سكينه خلف شركة الكهرباء العوايد","1066856507","ا/ محمد صبحي ابراهيم",""
"895","ا / اسماء محمد صبحى","LH44Z07151","KY 3510","رضا","زيارة","613452","","6/20/2025 12:00:00 AM","محرم بيك-- الضمان ( 10000) نسخة","1287562262","01275765281",""
"370","مكتبة النجار","LH45408480","KY3510","رضا","زيارة","272189","","3/16/2023 12:00:00 AM","باكوس","1142656144","",""
"117","شركة النهار الساطع","LH45X13619","KY3510","طارق","زيارة","574484","","1/14/2024 12:00:00 AM","جميلة ابو حريد","1211407770","ا/ محمد حسن",""
"119","جمعية الشيخ بدوى","LH45X14456","KY3510","طارق","زيارة","828170","","9/6/2025 12:00:00 AM","العامرية","1557099980","01557099980/احمد سرحان",""
"553","T . M . I","LH45Y15585","KY3510","","ارشيف","1120401","","8/17/2025 12:00:00 AM","العامرية منطقة حرة","1061662570","القيمة الايجارية 1125 جنية كحد ادنى 7000 نسخة",""
"121","محل الشيخ عمر","LH45Y15974","KY3510","طارق","زيارة","","","9/11/2022 12:00:00 AM","الحضرة ش العمدة","1113650437","",""
"1173","شركة الريادة","LH45Z16515","KY3510i","رضا","زيارة","","","","","","رضا القدس",""
"2189","ح / محمد احمد (الميناء)","LHD4819251","KY2551CI","مصعب","زيارة","214935","123799","","داخل ميناء الاسكندرية","01288470991","",""
"591","شركة عياد للمقاولات","LHD4Z25943","KYC2551","رضا","زيارة","","","","ش / النصر جرين بلازا","1275579888","01224288796",""
"2016","ا / السيد فتحى دربالة المحامى","LHD4Z27381","KY2551CI","مصعب","زيارة","","","","باكوس","01224378473","",""
"1956","اسامة المنشاوى","LHD5841423","KY2551CI","شعبان","ايجار","350199","26491","","ش / ونجت","1221940383","",""
"1662","محمود بلبع المحامى","LHD6151193","KY2551CI","عادل","زيارة","","","","سان استيفانو","1115283518","",""
"968","شركة ميسكو (دمياط)","Ll873906375","KY3051ci","مجدى","ايجار","415690","","","دمياط","","",""
"1985","امكو للمواد الغذائية","LSA6Z32531","KY3540I","كريم","زيارة","","","","برج العرب","","تبع عبد الرحمن المحاسب",""
"","بيت الجملة المعادى 1","LSN7130016","KY3550Idn","وائل","ايجار","193968","","","الحبر مانو -- المعادى","","",""
"496","نادى النصر(مكتب الادارى)","LU34606509","KYC 2500","رضا","زيارة","","","1/21/2024 12:00:00 AM","بجوار مسجد قباء (امين الخزانة)","1005236735","ا / اميرة ( 01221900749 )",""
"1473","جراند مول لمعى","LUD4602078","KY3060","شعبان","زيارة","","","","الطريق الدائرى قبل كارفور","1227330769","ا / جورج",""
"634","شركة ابو الوفاء للمقاولات","LUD4X03541","KY3060","رضا","زيارة","","","","صوارى  / بجوار كارفور","1558550876","م / ياسمين",""
"619","مكتبة الدحيح","LXP5805627","KY4501","رضا","زيارة","","","","فليمنج","1223089320","",""
"1321","شركة هاى فريت ماستر","LXP5805722","KY4501","مجدى","زيارة","","","","محطة الرمل","1285458111","ا / عماد وحيد",""
"1518","تامرحسين","LXP6107912","KY4501I","مجدى","زيارة","1088151","","","مينا البصل","1226996800","",""
"1371","احمد جيمى المدرية القديمة","LXP6208440","KY4501","مجدى","زيارة","","","","المدرية القديمة","01553588828","",""
"643","سجل مدنى كرموز","LXP6X11096","KY 4501","رضا","زيارة","","","","بشاير الخير/ كرموز","1288454646","",""
"761","مدرسة احمد زويل","M0169404651","MP 171","شعبان","زيارة","","","","","","",""
"501","مستشفى اليكس سكان HR","M0169604935","MP201","شعبان","زيارة","","","","رشدي","","",""
"","اليكترو الحبشى","M0169605925","MP161","يحيي","زيارة","","","","اسلام -- برج العرب","01200667886","اسلام",""
"1155","مكن م ايمن ابوزيد","M0178504689","mp161","يحيي","زيارة","","","","","","",""
"","مدرسة امبروزو الصناعية بنات","M0178604570","MP201","يحيي","زيارة","","","","امبروزو","01279270709","",""
"426","مدرية الطرق والنقل","M0178810276","MP 1515","شعبان","زيارة","","","","بجوار قسم الرمل اول","1289525033","",""
"1401","ا/ احمد صلاح","M0178810301","MP161","يحيي","زيارة","123251","","","","1283439236","ا/ احمد",""
"1987","قسم الرمل اول (مركز الصلاح)","M0179106373","MP161","شعبان","زيارة","","","","قسم الرمل اول","01275210157","",""
"617","مستشفى اليكس(الارشيف)","M0179311102","MP 161","شعبان","زيارة","","","","رشدي","","",""
"1360","ايليت الطبية","M0179405844","MP161","شعبان","زيارة","","","","الطريق الدائرى قبل كارفور","01270096702","احمد نادى",""
"1356","ايليت الطبية","M0188603908","MP161","شعبان","زيارة","","","","الطريق الدائرى قبل كارفور","01146766691","احمد عزت",""
"509","شركة الصقر للعزل","M0188606557","MP171","مجدى","صيانة","","","8/23/2026 12:00:00 AM","الراس السوداء","1064248598","03/2569651",""
"505","كلية اقتصاد ( الدراسات العليا)","M0188900725","MP161","شعبان","زيارة","","","","الحضرة / عزبة سعد","1278676725","ا/ احمد مرسي",""
"541","مدرية الامن الجديدة","M0188905657","MP161","يوسف","زيارة","","","","قسم ترخيص السلاح -- ا / مروة","1271800260","تبع  م / رضا القدس",""
"498","شركة نيو ميدل است","M0189006751","MP161","يوسف","زيارة","","","","المنشية / السكة الجديدة","1272056960","ا / روان",""
"1280","ا / محمود عبد القادر(المحامى)","M0189100752","MP161","شعبان","صيانة","","","7/25/2027 12:00:00 AM","394 طريق الحرية - مصطفى كامل","1099910633","ا / محمود عبد القادر",""
"1381","مبرة البكاتوشي","M0189106162","MP201","سيف","زيارة","100375","","","حجر النواتية","1061800956","ا/ شريف البكاتوشي",""
"923","ركن التسالى","M0189109312","MP 161","شعبان","زيارة","","","","بجوار حمادة المحروسة","1008787523","",""
"376","مدرسة النجار التجريبية","M0189304885","MP161","يحيي","زيارة","42887","","3/25/2023 12:00:00 AM","سموحة --  الضمان (3000)  الاف نسخة","1229706548","",""
"700","سيبر رسالة","M0189306422","MP 161","شعبان","زيارة","","","","فلمنج","1118604153","  ا/ خالد محمد  (03/5730940)",""
"2","ا / محمد سالم (المحامي)","M0189310644","MP201","يوسف","زيارة","","","","ش / المواسير بجوار محمد ابراهيم للنظارات","1221101129","",""
"688","ايليت الطبية","M0189400240","MP161","شعبان","زيارة","","","","الطريق الدائرى قبل كارفور","01146766691","احمد عزت",""
"122","مدرسة د/ حسن صبحى","M0189401069","MP161","ايمن","زيارة","","","","","","",""
"503","كلية اقتصاد (شئون ادارية)","M0189409611","MP161","شعبان","زيارة","","","","الحضرة / عزبة سعد","1278676725","ا/ احمد مرسي",""
"794","معهد البحوث ( قسم الاورام )","M0189501767","MP 161","ايمن","زيارة","","","","امام كلية الهندسة","","",""
"613","محمد على تامينات","M0189506909","MP161","رحيم","زيارة","","","","محرم بيك","1223741653","03/3926834",""
"964","نادى باكوس الرياضى","M0189603811","MP161","مروان","زيارة","","","","باكوس","","تبع ا / محمد السنان",""
"","ا / محمد محفوظ","M0189604597","MP161","يحيي","زيارة","","","","","","",""
"123","الاكاديمية  الجودة","M0189608284","mp161","مجدى","صيانة","","","8/31/2026 12:00:00 AM","المنتزة","1272796901","",""
"607","ام حمادة ( المنشية )","M0378600174","MP171","","زيارة","145578","","","المنشية","1000521040","",""
"941","مدرسة تقسيم الزهور","M0389500452","MP161","شعبان","زيارة","","","","المعمورة","1091189047","ا / سكينة",""
"702","مكتبة ياسر","M0974203360","MP2510","شعبان","زيارة","","","","الحضرة / قناة السويس","1272389516","",""
"409","مدرسة طارق بن زياد","M0974203838","MP2022","شعبان","زيارة","","","","بجوار التأمين الصحى سموحة","","",""
"126","مكتبة الشروق","M0974303979","mp2510","اسامة","زيارة","","","","الرابعة الناصرية","","",""
"891","مركز الهدى (ا / عوض)","M0974500389","MP2510","طارق","زيارة","","","","دربالة","1274261021","ا / عوض",""
"446","معهد البحوث ( مكتب الوكيل)","M2772500195","MP3045","ايمن","زيارة","","","","الحضرة البحرية","","",""
"504","كلية اقتصاد (المشتريات)","M4401301643","MP2500","شعبان","زيارة","","","","الحضرة / عزبة سعد","1278676725","ا/ احمد مرسي",""
"582","كلية اقتصاد (امين عام الكلية )","M4471800552","MP2500","شعبان","زيارة","","","","الحضرة / عزبة سعد","","",""
"129","شركة السليماني","M4472301724 ش","MP2500","","ارشيف","","","2/14/2026 12:00:00 AM","سيدي جابر الشيخ","1111146028","03/5425137",""
"463","مكتب النجار (لوران)","M5074600135","MPC2000","رحيم","زيارة","","","","لوران","","تبع م / عباس الصرف",""
"132","مركز الفتح احمد شوقي","M5084100449","MPC3000","رحيم","زيارة","","","","العوايد سكينة","1202748735","",""
"133","معهد البحوث ضمان الجودة","M5084204482","mbc2500","ايمن","صيانة","","","9/30/2024 12:00:00 AM","الحضرة البحرية","","عقد 3 سنوات",""
"134","مدرسة سمير","M5084600012","mpc2000","","زيارة","","","3/30/2023 12:00:00 AM","محرم بك","1227158078","",""
"144","خميس دياب","M5402800100","MP 4000","ايمن","زيارة","","","","الميناء","1225456302","",""
"596","جراند مول لمعى","M5403500059","MP4000","اسامة","زيارة","","","","الطريق الدائرى قبل كارفور","1226006671","ا / بيشوى فكرى",""
"693","فادى سجلات الدخيلة(السجل)","M5412600035","MP4000","يوسف","زيارة","1143424","","","","","",""
"135","طلعت المراغي(بيت الهدايا)","M5422500093","MP4000","شعبان","زيارة","825797","","9/30/2023 12:00:00 AM","المراغي","1273447154","",""
"245","شعبان الشهر العقارى","M5482500008","MP4000","طارق","زيارة","617054","","3/30/2023 12:00:00 AM","سيوف شماعة","1155344575","باقي حساب المكن 4000 جنية  مقسمة على 4 اشهر 1000جنية كل شهر",""
"406","مدرسة البحر المتوسط","M5482600406","MP 4000","شعبان","زيارة","","","2/1/2023 12:00:00 AM","سموحة","1281271035","عقد صيانة شهور المدرسة فقط",""
"450","مكتبة شاكر","M5482800037 ش","MP4000","","ارشيف","108767","","","بجوار الشركة","1275248552","",""
"137","مدرسة الصفوة","M5483300390","MP4000","ايمن","صيانة","","","10/1/2023 12:00:00 AM","العجمى ك 21","","",""
"892","م / مينا الابراهيمية","M5483500237","MP5000","طارق","زيارة","","","","الابراهيمية","1222667320","01210422461",""
"778","يونيتد انجينير2000","M5582700769","MP5000","تمام","زيارة","330397","","3/13/2024 12:00:00 AM","بنى سويف -- الضمان (5000) نسخة","1224160645","ا / سلامة",""
"347","مكتبة الاصدقاء","m5582800168","mp 4000","الزهري","زيارة","","","","الحضرة الجديدة","1204314493","",""
"139","مكتب ا/ حسن زهدي","M5582800340","MP4000","ايمن","صيانة","","","1/1/2024 12:00:00 AM","","","",""
"2102","محمد عبد العزيز","M5582900752","MP4001","شعبان","زيارة","923855","","","ش / الزيت كوبرى الناموس","01221546850","",""
"136","مكتب ا / عدل","M5583000008","MP4000","ايمن","زيارة","","","","الميناء","1061335216","",""
"142","مدرسة الضوي 1","M558300008","mp4000","ايمن","صيانة","","","10/1/2023 12:00:00 AM","العجمى الهانوفيل","","",""
"1342","مكتبه مكه","M5583100263","MP4000","شعبان","زيارة","","","","العوايد","1272276066","",""
"962","جمعية خريجى ابيس( الوالدة)","M5583300286","MP4000","اسامة","زيارة","","","","ابيس 8","1270999832","رائف جودة",""
"809","مكتبة الدكتور","M5583300319","MP4000","شعبان","زيارة","866211","","1/8/2025 12:00:00 AM","كوبرى الناموس - امام مسجد القدس","1282343273","محمود عادل الشربينى",""
"458","شركة انترمنت","M5583400864","MP4000","رضا","زيارة","416204","","12/24/2023 12:00:00 AM","العامرية / الناصرية -- الضمان (10000) نسخة","1220205250","",""
"145","فاست لاين مدام وفاء","M5583500750","MP4000","ايمن","زيارة","","","3/10/2023 12:00:00 AM","الميناء","","",""
"1755","عادل خميس دياب","M5585900752","MP4000","ايمن","ايجار","1127719","","","داخل ميناء اسكندرية","1557711631","",""
"255","اكاديمية قدرات التعليمية","M5592900275","MP4000","شعبان","زيارة","734161","","2/9/2024 12:00:00 AM","سيدى بشر/ مدرسة الفضالى--الضمان (20000)","1221151144","03/5309185",""
"146","ابداع ( عبد القادر )","M5593000671","mp4000","السيد","زيارة","","","","مدخل عبد القادر -- العامرية","1228972936","ح / رفعت",""
"147","مكتب الروان (حسن الشاعر)","M5593300079","MP4000","ايمن","ضمان","","","4/13/2023 12:00:00 AM","باب 10 / الميناء","","",""
"1391","شركة ثرى استار","M5593300551","MP4000","عادل","ايجار","278301","","","المنطقة الحرة -- بلاك كاميل","1287900977","ا/ عمرو",""
"148","اليكس لايف","M5593300590","mp4000","ايمن","صيانة","","","","العجمى الهانوفيل / تجديد شهرى","","تجديد شهرى",""
"149","مكتبة المستقبل قبطان هشام","M5593600168","mp4000","شعبان","صيانة","434711","","1/5/2027 12:00:00 AM","سيدى بشر ش العيسوى","1222280983","",""
"150","سنتر جلوبال","M5593600207","mp 5000","طارق","زيارة","","","8/14/2022 12:00:00 AM","جليم","1066164906","01147489907",""
"151","مدرسة النخبة (سنتر تعليمي)","M5603100069","mp4000","ايمن","زيارة","","","","العجمى الهانوفيل","","",""
"1475","كريم الريان","M5603100143","MP5000","شعبان","زيارة","","","","خالد بن الوليد","1275917900","ا / كريم",""
"1640","احمد جيمى المدرية القديمة","M5603200119 ش","MP4000","","ارشيف","904337","","","المديرية القديمة","01553588828","",""
"2119","مكتبة لوران","M5603300124","MP4000","رضا","زيارة","526778","","","دمنهور ش / المحافظة","01095322258","امال ابو زيد -- ام احمد",""
"658","مدرسة جمال عبد الناصر","M5603300124 ش","MP4000","","ارشيف","","","","فيكتوريا  /  تبع محمد توشيبا","1202141642","ا / حامد",""
"408","مدرسة اليكس لايف (الجديدة)","M5682700193","MP 4000","ايمن","زيارة","","","","العجمى الهانوفيل","","",""
"1209","مكتبة طيور الجنة","M5683200116","MP4000","شعبان","زيارة","","","","باكوس - ش 20","1201725406","تبع ايمن ابو زيد",""
"993","اسلام نور ( الوكالة)","M5683300115 ش","MP4000","","ارشيف","","","","ش / الفاكهة الوكالة","1090290943","01278358984",""
"793","مكتبة القزاز","M5783300422","MP 5000","شعبان","زيارة","123234","","12/22/2023 12:00:00 AM","باكوس","1289915820","",""
"637","سموت للمقاولات العامة","M5783400607","MP 5000","شعبان","زيارة","","","","لوران","1224987299","ا / امانى",""
"153","مكتب الروان (حسن الشاعر)","M5792600321","mp5000","ايمن","ضمان","","","4/13/2023 12:00:00 AM","باب 10 / الميناء","","",""
"154","خميس دياب","M5792700275","mp 5000","ايمن","زيارة","","","","الميناء","1225456302","",""
"750","مدرسة عبد العزيز جاويش","M5793100363","MP5000","شعبان","زيارة","247","","2/1/2024 12:00:00 AM","زيزينيا -- الضمان (20000) نسخة","1226616907","ا/ محمد حسن",""
"561","شركة ميسكو مرغم ( الحاويات)","M5793300004","MP5000","عادل","ايجار","312669","","","مرغم / دخلة عبد القادر/ الحاويات (جلوب لينك)","1204411027","ا / هشام جمال 01202767777",""
"795","المطافى","M5793500035","MP 4000","ايمن","زيارة","","","","","","",""
"140","مدرسة الضوي 1","M582900752","mp4000","ايمن","صيانة","","","10/1/2023 12:00:00 AM","العجمى الهانوفيل","","",""
"915","مكتبة البطل","M6204200235","MP2550","سيف","زيارة","","","","البكاتوشى","1550021405","",""
"730","مدرسة شيبوب (مسائى)","M6283800645","MP3350","اسامة","زيارة","","","","المعمورة","1503736664","01008835755",""
"2071","مكتبة الاسراء دنا","M6283900338","MP2550","شعبان","زيارة","536414","","","بجوار صحة دنا","01220063962","",""
"671","سنترال مارينا","M6284200207","MP 4000","رحيم","زيارة","","","","بحرى / امام مستشفى راس التين العام","1205079780","",""
"804","مكتبة طارق الغنيمى","M6293700173","MP 3350","شعبان","زيارة","","","","نزلة ابو سعدة","1288655629","ا / طارق",""
"156","جرين واى امل شرف","M6294900405","mp3350","","زيارة","","","11/30/2022 12:00:00 AM","العصافرة","1221381550","",""
"521","المكتب الاستشارى الهندسى","M6384301232","MP3350","شعبان","زيارة","23230","","8/21/2023 12:00:00 AM","الزويدة امام شركة الكهرباء -- الضمان(10000) نسخة","1222390357","باقى حساب الالة 4000 جنية مقسمة على 4 اقساط 1000 جنية كل قسط",""
"157","مكتب الوفاء عادل  صالح","M6384301390","mp3350","ايمن","صيانة","","","9/15/2023 12:00:00 AM","الميناء","","",""
"1579","م/ حسين العامرية","m6384500534","mp3350","رضا","زيارة","331156","","","العامرية","1153084836","بيع 8000 جنيه بدون ضمان",""
"486","سنتر الامل","M6384600177","MP 2550","يوسف","زيارة","","","","العوايد / القلعة","1287274779","",""
"780","شركة استار للتجارة والمقاولات","M6384600567","MP 3350","اسامة","زيارة","","","","سموحة ش / الهلتون","1003891786","ا / عيد نعمان الصعيدى",""
"158","سى مارين","M6394100820","mp3350","مجدى","زيارة","","","","المنشية","1000772751","",""
"1806","معهد البحوث","M6394200085","MP1022","ايمن","زيارة","","","","امام كلية الهندسة","","",""
"375","مدرسة جميلة ابو حريد","M6394400164","MP3350","يوسف","زيارة","","","","","","",""
"57","ا / عادل الزرقاء (المحامى)","M6394900497","MP3350","شعبان","زيارة","","","","فيكتوريا","1023201942","البرنتر SP4210 (S5218703571)",""
"163","محمد خميس زكي","M6395100228","mp2550","شعبان","زيارة","805503","","","امبروزوا محرم بك","1116764108","01206651108",""
"369","مكتبة ريماس","M6403900325","MP2850","شعبان","زيارة","401753","","3/16/2023 12:00:00 AM","ارض الخواجة ابراهيم / ابو سليمان /بجوار مسجد الصفا","1203065017","الضمان (10000) نسخة",""
"159","مدرسة طارق بن زياد","M6404000167","MP3350","شعبان","زيارة","","","","بجوار التأمين الصحى سموحة","","",""
"570","مدرسة الشهيد محمد رمضان","M6404200298","MP2550","تمام","زيارة","","","","ابو قير-- بجوار الادارة التعليمية","1222971390","ا / منتصر",""
"359","مدرية الطرق والنقل","M6404500326","MP2550","شعبان","زيارة","","","","بجوار قسم الرمل اول","1289525033","",""
"160","مكتب ا/ محمد سعيد","M6483800000","MP2550","ايمن","زيارة","","","","الميناء","","",""
"161","شركة النيل للنقل البري الارشيف","M6484400216","mp2550","مجدى","زيارة","","","5/1/2026 12:00:00 AM","مدام /  تفيدة -- كرموز","1201215434","عقد صيانة شامل / تجديد ربع سنوى",""
"1527","سوبر ماركت الدكرونى","M6484400300","MP2550","شعبان","زيارة","","","","ابس الرابعه","01283113305","",""
"825","مكتبة الشيخ بلال","M6484800277","MP2550","شعبان","زيارة","108555","","4/18/2024 12:00:00 AM","ش / الزويدة بجوار الاسيوطى -- الضمان (10000) نسخة","1156258300","بلال (01500013644)",""
"162","شركة النيل للنقل البري","M6493700000","mp2550","مجدى","زيارة","","","","(مطلوب العقد )     كرموز / صلاح سالم","1201215434","سكرتارية رئيس مجلس الادارة",""
"1898","مدرسة عثمان بن عفان","M6493700036","MP1022","شعبان","زيارة","","","","باكوس","","",""
"912","مدرسة هدى شعراوى","M6493800502","MP2550","شعبان","زيارة","","","","","","",""
"803","سنتر الايمان","M6494100243","MP 2550","شعبان","زيارة","115398","","3/3/2024 12:00:00 AM","القلعة العوايد","1282310690","01272233106",""
"261","علي امبروزو  سجل محرم","m6494600408 ش","mp3351","شعبان","زيارة","","","","امبروزو","1271840522","",""
"1950","ضرائب جناكليس","M6496700035","MP2550","شعبان","زيارة","","","","جناكليس فوق فتح الله","","",""
"1535","ا/محمد عبد العاطى","M6583700948","MP2550","شعبان","زيارة","242165","","","مطار النزهه","1222316268","",""
"164","مكتبة الفؤاد الحديثة","M6583801637","mp2550","شعبان","صيانة","481973","","7/11/2027 12:00:00 AM","ش/العلم المصرى","1288677193","",""
"354","مدرسة عبد العزيز جاويش","m6584101500","mp2550","شعبان","زيارة","","","","زيزينيا","1222835567","ا/محمد حسن",""
"165","معهد البحوث المشتريات","M6584601020","mb2550","ايمن","صيانة","","","","الحضرة البحرية","","صيانة بجانب العقد",""
"1102","الصقر للسيارات","M6584601656","MP2550","مجدى","زيارة","","","","","","",""
"166","معهد البحوث ضمان الجودة","M6593900415","mbc2550","ايمن","صيانة","","","9/30/2024 12:00:00 AM","الحضرة البحرية","","عقد 3 سنوات",""
"988","شركة انترمنت","M6593901629","MP4000","السيد","زيارة","","","","العامرية","","",""
"204","رامى البكاتوشى(سبيدر مان)","M6594000547","MP 2550","شعبان","زيارة","","","","البكاتوشى","","",""
"1403","المدينة للمراة (الحضانة)","M6594001246","MP2550","مجدى","ايجار","222152","","","سموحة","","",""
"167","محمد كمال هيئة الصادرات","M6594300333","MP2550","ايمن","زيارة","","","","","","",""
"1738"," مدرسة خلف الراس السوداء لغات","M6594501002","MP2550","شعبان","زيارة","370514","","","الالة مباعة تبع م / رضا القدس","1286597563","ا / رنده",""
"931","د / هيمن","M6594700402","MP 2550","شعبان","زيارة","","","","ابيس بجوار مستشفى الكلى","1011237770","",""
"1002","مدرسة هدى شعراوى","M7981001685","MPC7500","شعبان","زيارة","","","","لوران","1222632893","ا / عبير",""
"1489","مكتب أيمن عصام","MC250FW","SPC262","شعبان","زيارة","18155","13282","","أبيس","1228309848","  01080076516",""
"723","شركة العراق","N2M3201861","KYC3050","رحيم","زيارة","","","","مرغم صحراوي - بجوار الامن المركزي","1288036708","ا / مينا",""
"721","شركة العراق","N2M3401984","KYC3050","رحيم","زيارة","","","","مرغم صحراوي - بجوار الامن المركزي","1288036708","ا / مينا",""
"930","شركة نايل فيرى","N2S2606304","KY 3050Ci","نوبى","زيارة","","","","امام باب 10 الميناء","1286467178","تبع مكتب الروان (حسن الشاعر)",""
"545","شركة اسكندرية للاستثمار","N3Y2505571","KY5500","رضا","زيارة","","","","ش / السلطان حسين الشاطبى ( لتداول الاوراق المالية )","1004015444","ا / محمد حسن",""
"1009","شركة ارت تريد","N3Y3313928","KY 2455","مجدى","مطلوب عقد","","","4/17/2026 12:00:00 AM","سيدى جابر","1008312224","ا / حاتم",""
"1383","مصنع ساف للملابس","N492708023","KY3500","يحيي","زيارة","649437","","","المستعمره","1122300766","ا/ حازم",""
"1406","مخزن تراى فارما للادوية","N492910602","KY3500","مجدى","زيارة","","","","الساعه","","",""
"2196","شركة برفيكت للاعمال الهندسية","N492910642","KY3500I","رضا","زيارة","","","","العامرية الناصرية -- مكتب المهندسين","01211423639","م / محمود نصر",""
"168","فاست 2","N492X10852","ky3500","مجدى","زيارة","","","4/1/2024 12:00:00 AM","المنشية","1226010654","03/4839553",""
"2011","الخواجة","N493113422","KY3500I","عادل","زيارة","","","","المندرة بجوار الاكاديمية","01022550053","",""
"1037","سنتر الهلالى","N493519027","KY3500i","طارق","زيارة","","","","العصافرة","1207619893","ا / امل",""
"1313","محمد حسنى تبع مكتبة بسام","N4B2603127","MP5500","رضا","زيارة","","","","ش 20 امام الادهم","1552249686","",""
"169","T . M . I","N4B3405785","Ky3500I","رضا","زيارة","","","11/22/2023 12:00:00 AM","العامرية منطقة حرة","","",""
"1020","مدرسة كمال بهاء الدين","NU22200125","KY2550CI","رضا","زيارة","","","","","","",""
"170","شركة المجد","NUZ3108723","ky2550","رضا","زيارة","","","5/31/2023 12:00:00 AM","ش محمد نجيب","","03/3586376",""
"957","شركة سحاب للسياحة","PBJFJ50001RW","SMS 5360","رضا","زيارة","27670","","3/15/2024 12:00:00 AM","جانكليس","1111651959","",""
"1185","مدرسة مطوبس التجاريه","QAW0Y22336","ky2560","رضا","زيارة","","","","","","",""
"614","محمد على تامينات","QAW1323965","KY 2560","رضا","زيارة","","","","محرم بيك /الرصافة","1223741653","03/3926834",""
"516","شركة فلوكيجر","QCA9505859","KY4050","مجدى","زيارة","","","2/7/2025 12:00:00 AM","بعد الموقف الجديد","1154042556","01278642080 -ا/ محمد الدسوقي",""
"2229","مكتبة ابو يوسف","RFH9X21818","KY3253CI","شعبان","ضمان","291765","179266","11/5/2026 12:00:00 AM","33 ش / الشيماء من المعهد الدينى العصافرة","01140193743","الكريم ابراهيم",""
"","نعمة احمد حسن","R2Q8100326","KY6635CID","عادل","ضمان","114400","68517","8/13/2026 12:00:00 AM","بحرى  12 ش الجمرك القديم","01224373499","",""
"2040","شيف بوكس","R2Q8201212","KY6635Cdn","رضا","زيارة","40412","16048","6/11/2026 12:00:00 AM","23 ش الحجاز الابراهيمية --الضمان(5000)نسخة","01201430889","محمود ابراهيم حمادة",""
"","المدينة للمراة","R4Q9Z31878","M3655IDN","مجدى","زيارة","214419","","","سموحة","","",""
"1585","مكتبة هشام الشروق","R615Q930459","","كريم","زيارة","2435","7708","","","","",""
"402","مكتبة فريندز","R663Q600917","ANC-J","طارق","زيارة","10070","12137","2/2/2023 12:00:00 AM","شارع الزيت من ش/عشرين","1270590785","كريم ابراهيم",""
"367","مكتبة عجمستا","R666Q73009","SG3110","","زيارة","","","","باكوس ش 20","1287408996","",""
"1867","سنتر I W I","R6B7Z00661","KY4006I","رضا","زيارة","","","","","","",""
"946","الجامعة الاهلية","R6B9104226","KY5000","مجدى","ايجار","356546","","","بجوار الشركة","1208309372","ا / احمد عرفان",""
"439","سنتر برافو","R6B9204429","KY 5000","رضا","زيارة","200548","","6/9/2023 12:00:00 AM","جليم ش /الازاعة","1279696971","",""
"945","الجامعة الاهلية","R6B9205322 ش","KY5000","","ارشيف","337967","","","بجوار الشركة","1208309372","ا / احمد عرفان",""
"2168","مكتبة لوران","R9K9Z07817","P-5032DN","رضا","زيارة","190201","","","","","ام احمد -- امال ابو زيد",""
"1767","الاكاديمية","R9L1723077","KY4532DN","مجدى","صيانة","","","8/31/2026 12:00:00 AM","المنتزة","1272796901","",""
"","بيت الجملة فرع مدينتيB12","R9X0100795","KY352C","وائل","ايجار","39004","29839","","مدينتى","","",""
"","بيت الجملة فرع الحصرى 2","R9X0100829","KY352C","وائل","ايجار","51710","38655","","الحصرى","","",""
"1723","عمرو جابر عيسى","R9X9400297","KY352CI","مجدى","زيارة","19726","64611","12/15/2025 12:00:00 AM","اول ش / فؤاد بجوار مدرسة الجابرتى","1224939195","01285536819",""
"","بيت الجملة التجمع الخامس ميراج مول","R9X9900007","KY352C","وائل","ايجار","40538","26265","","التجمع الخامس","","",""
"1767","بيت الجملة المعادى 1","R9X9900031","KY352C","","ارشيف","44355","22416","","المعادى 1","","",""
"1698","احمد فتحي ( دار اسماعيل )","R9X9900060","KY352CI","رضا","زيارة","26669","15955","12/8/2025 12:00:00 AM","بجوار مستشفي دار اسماعيل","1277964380","ا/احمد فتحي",""
"","بيت الجملة فرع مدينتيB12","R9X9900076","KY352C","وائل","ايجار","29423","58807","","مدينتى","","",""
"","بيت الجملة فرع اكتوبر سيلفر مول 2","R9X9900089","KY352C","وائل","ايجار","67348","26928","","فرع اكتوبر","","",""
"","بيت الجملة فرع التجمع الثالث 2","R9X9900141","KY352C","وائل","ايجار","41764","30952","","التجمع الثالث","","",""
"","بيت الجملة فرع الحصرى 1","R9X9X00174","KY352C","وائل","ايجار","45127","19074","","الحصرى","","",""
"","بيت الجملة فرع الجولف","R9X9Y00388","KY352C","وائل","ايجار","26644","19544","","الجولف","","",""
"1710","محمد عبد العال حرفوش","R9X9Y00511","KY352CI","عادل","زيارة","94135","67387","2/28/2026 12:00:00 AM","برج العرب الجديدة","1008519023","",""
"1417","ا/ الامير ابراهيم المحامي","R9Y9502033","KY3001","مجدى","زيارة","8297","20120","3/24/2025 12:00:00 AM","اسبورتنج","","استبدال اله MPC305",""
"","بيت الجملة فرع عبور خزنة","RC69103504","KY6635CI","وائل","ايجار","2981","390","","مالتى الجمل","","",""
"2030","بيت الجملة فرع المنشيه","RC69805620","KYM6635CI","السيد","ايجار","44660","53616","","المنشيية","","",""
"","جورج عادل","RCH1220448","KY6235 C","رضا","زيارة","29902","69315","","برنتر الجمل","","",""
"1770","ا / حسام محمود","RCH16000366","KY6235C","رحيم","زيارة","25701","46273","12/24/2025 12:00:00 AM","السيوف","1282025541","",""
"","بيت الجملة فرع ارض المعارض اسكندرية","RCP0302035 ش","KY4072Cdn","","ارشيف","155887","122260","","الراس السوداء","","برنترالجمل",""
"1766","مركز بريميم","RF40X05112","KY6053CI","مجدى","زيارة","368459","114859","2/22/2026 12:00:00 AM","شارع النصر عمارة 3 شقة 3 كومباوند الهدى بلادى - ضمان عشرة آلاف نسخة","1222342061","ا/ بسطاوي",""
"1671","اولاد النوبي","RF41506673","CY 6053CI","مجدى","زيارة","346015","38493","2/22/2026 12:00:00 AM","28علي 30شارع قاسم امين متفرع من عرفان -محرم بك","1227319292","ا/ مدحت خليل",""
"1837","معرض ايفرن هوم السجاد","RF41606872","KY6053CI","عادل","زيارة","","","","الدائري بجوار سنتر لامعي","1222287411","",""
"1975","العالمية للصناعات الغذائية (نوفا)","RF49401071","KY6053CI","مجدى","زيارة","1069591","","6/21/2026 12:00:00 AM","ش / مصطفى كامل قبل قسم منتزة 3","01111464933","محمود قبانى",""
"1721","اسلام نور ( الوكالة)","RF49X02661","KY6053CI","شعبان","زيارة","130432","388132","3/15/2026 12:00:00 AM","داخل الوكالة -- الضمان 20000 نسخة","1025089332","ميدو نور",""
"1871","ايوب برسوم","RF49X02734","KY6053","مجدى","صيانة","138330","104675","5/31/2027 12:00:00 AM"," محطة الرمل","1014995777","01221064000",""
"","مدرسة الابداع الدولية","RF50310337","KY5053CI","مجدى","ضمان","760227","253461","10/21/2026 12:00:00 AM","ابيس الزراعى","1227323131","على عبد النبى",""
"2025","مدرسة جمعية سيدى جابر","RF80410572","KY5053CI","شعبان","زيارة","267132","325443","9/1/2026 12:00:00 AM","سموحة -- الضمان(10000) نسخة","01201555157","01011195923  / معتز-- محمد مكاوى",""
"2024","مكتبة الاستاذ","RF80410639","KY5053CI","شعبان","زيارة","210717","380171","8/22/2026 12:00:00 AM","كوبرى الناموس","01228272473","01017359081 منير يوسف",""
"2041","مكتبة الصافتى","RF80410644","KY5053CI","مجدى","ضمان","446308","437290","9/9/2026 12:00:00 AM","جرين بلازا ش النصر ابراج توب هاوس","01113856623","مجدى الصافتى",""
"1868","مكتبة الرايق كفر الدوار","RF81620609","KY5053CI","عادل","ضمان","485126","136517","8/2/2026 12:00:00 AM","كفر الدوار الحدائق مسجد السلام","01229994016","01203431369عبد المسيح",""
"1215","مينا فاست كمبيوتر","RF81720976","KY5053CI","مجدى","صيانة","1216231","35779","11/23/2026 12:00:00 AM","الابراهيمه","1222667320","",""
"1893","المدرسة الفرنسية (الشاطبى)","RF88Z00155","KY5053CI","رضا","زيارة","153163","402232","","","","",""
"","حسين صقر","RF88Z00172","KY5053CI","شعبان","زيارة","391761","133532","","السلطان حسين","","",""
"1872","شركة كراس","RF88Z00394","KY5053CI","رضا","زيارة","","","","تبع عبد الرحمن المحاسب","","",""
"1822","مكتبة ام جى","RF89301746","KY5053CI","شعبان","صيانة","674158","314905","7/12/2027 12:00:00 AM","ش/المواسير ابو هريرة","1289479407","",""
"","مطبعة خميس العجمى","RF89503105 ش","KY5053CI","","ارشيف","1361828","264440","","العجمى","","",""
"2055","مكتبة النجاح","RF89805150","KY5053CI","شعبان","زيارة","625498","483327","9/27/2026 12:00:00 AM","خورشيد","1277738880","ا / رامى ( 01284774999 )",""
"1352","سعيد المراغى(خردوات حنين)","RF89Y07501","KY5053CI","شعبان","زيارة","1984366","318895","6/28/2025 12:00:00 AM","المراغي -- الضمان(10000) نسخة","1283384705","",""
"1330","عبد الرحمن حسن","RF89Y07504","KY5053ci","مجدى","زيارة","863262","682295","12/10/2025 12:00:00 AM","الضمان10000ن او6شهور","1024385996","البيضا طريق المحمودية",""
"1378","سباير فارما","RF89Y07513","KY5053CI","مجدى","صيانة","1737504","344663","5/1/2027 12:00:00 AM","ش الريادة حدائق السرايا نموذج H","1022617411","",""
"1802","سنتر ابو حبيبة","RFC0932458","KY4053CI","شعبان","صيانة","890984","279874","12/31/2026 12:00:00 AM","ش النصر سموحة","1112759690","",""
"1097","الحليم ترانس","RFC1742671","KY4053CI","مجدى","صيانة","635840","287573","8/12/2026 12:00:00 AM","امام باب 14 الجمرك ضمان 10000 نسخه","1228666087","ا / عماد قابيل",""
"1177","عم جمال الصحة","RFC9102552","MP4053CI","شعبان","زيارة","377131","64808","5/3/2025 12:00:00 AM","مساكن محرم بك","125876915","",""
"1796","شركة عرفة تكستايل للصناعة والتجارة","RFC9203489","KY4053","عادل","زيارة","422608","128962","5/1/2026 12:00:00 AM","كفر الدوار بجوار الحرير الصناعى","1282646038","ا / اشرف",""
"2183","مدرسة المحور 4","RFC9304795","KY4053","شعبان","ضمان","211208","191535","1/6/2027 12:00:00 AM","كوبرى الناموس","01280175389","السيد  -  فريد",""
"2019","شركة ميسكو (ساكو الادارة)","RFC9405231","KY4053CI","مجدى","ايجار","1009229","402714","","المنشية بجوار البنك الاهلى فوق قبانى للاثاث","","ا / محمود",""
"1883","المدرسة الفرنسية (الشاطبى)","RFC9405737","KY4053CI","كريم","زيارة","","","","","","",""
"","حامد عبد السلام غازى","RFC9406426","KY4053CI","","","366834","14896","","كفر الدوار","01222704281","الالة مباعة جملة 13000 جنية",""
"","ا / عاطف رجب اسماعيل","RFC9406426 ش","KY4053CI","","ارشيف","360943","14592","7/7/2026 12:00:00 AM","شاطئ الصفا --الضمان(5000)نسخه","01275532868","",""
"1589","ميروزا للأستثمار العقارى","RFC9507897","KY4053CI","مجدى","زيارة","383177","644770","1/13/2026 12:00:00 AM","402 ميدان فيكتور عمانويل سموحة","1009795907","رمضان خلف رمضان",""
"1870","الاكاديمية  الكنترول  2","RFC9508669","KY4053CI","مجدى","ضمان","226549","358221","8/31/2026 12:00:00 AM","المنتزة","1272796901","",""
"","مينا فاست كمبيوتر","RFC9712806","KY4053CI","مجدى","زيارة","438767","74552","","الابراهيمية","1222667320","",""
"","هشام المنشاوى","RFC9713034","KY4053CI","شعبان","ايجار","570433","198450","","ش / الجمهورية","1229601852","",""
"2084","شركة روبل بلاس","RFC9713043","KY4053CI","عادل","ضمان","485068","252105","10/28/2026 12:00:00 AM","سيدى حنيش - قرية سلفر","01287444093","",""
"2100","الاكاديمية  (الجودة)","RFC9713320","KY4053CI","مجدى","ضمان","455438","393991","12/13/2026 12:00:00 AM","المنتزة","1272796901","",""
"2198","شركة انابيب البترول","RFC9713330","KY4053CI","عادل","ايجار","503695","90924","","مرغم","","",""
"2114","مكتبة السعد","RFC9713332","KY4053CI","شعبان","ايجار","1011341","465377","","حجر النواتية","1273241020","",""
"","شركة ميسكو (العين الساخنه)","RFC9713335","KY4053CI","مجدى","ايجار","1059912","208625","","العين السخنة - ميسكو مكتب النقل","","",""
"2173","يورك هليز","RFC9816094","KY4053CI","مجدى","ضمان","198875","123524","12/29/2026 12:00:00 AM","اليكس ويست","01062606803","علاء محمود",""
"1407","مكتبة العربي","RFC9Y20718","KY4053CI","مجدى","زيارة","107053","247085","12/25/2025 12:00:00 AM","بجوار الشركة","1006584568","",""
"2052","مكتب المستشار مينا يوسف حكيم","RFH0126871","KY3253CI","مجدى","ضمان","164093","247400","9/25/2026 12:00:00 AM","المنشية","01022066650","",""
"1605","م / ياسر المنشاوى","RFH0430649","MFP3253","رضا","زيارة","223915","86453","","القاهرة","","",""
"1649","ا / مؤمن المحاسب","RFH0531424","KY3253CI","رضا","زيارة","147710","67617","","تبع م / رضا القدس","","",""
"2072","مكتبة النجوم","RFH0531707","KY3253CI","شعبان","ضمان","451303","36784","12/20/2026 12:00:00 AM","الرحمة ش السوق","01211431038","01143989096 -- ا / نورا",""
"1648","مكتبة القاسم","RFH0531968","KY3253CI","عادل","زيارة","222389","112411","2/11/2026 12:00:00 AM","عبد القادر العامرية --الضمان(5000)نسخة","1278962246","",""
"1629","مكتبة جولدن روز","RFH0532398","KY3253C","عادل","زيارة","488106","28680","2/4/2026 12:00:00 AM","المندرة بحرى","1279383274","01227097424",""
"2017","مكتبة الرايق كفر الدوار","RFH0634432","KY3253CI","رضا","زيارة","187232","15463","5/17/2026 12:00:00 AM","كفر الدوار الحدائق مسجد السلام","01203431369","عبد المسيح",""
"2071","مكتبة البراء","RFH0634465","KY3253CI","مجدى","ضمان","444718","32200","10/6/2026 12:00:00 AM","المنشية وكالة الليمون","01277225045","دعاء حمادة",""
"2062","تكنو اليكس","RFH0635035","KY3253CI","مجدى","ضمان","390025","68477","10/1/2026 12:00:00 AM","سموحه الضمان 10000نسخه+6شهور","1116226255","عمرو نوبي نصر",""
"2061","افريكانا للفنادق","RFH0635103","KY3253CI","عادل","ضمان","137534","137534","9/30/2026 12:00:00 AM","طريق الاستاد-برج العرب--الضمان (10000)نسخه","01270397785","بيشوي فكري",""
"2071","مكتبة (سهيلة سيد)","RFH0635810","KY3253CI","شعبان","ضمان","185854","18158","10/14/2026 12:00:00 AM","بجوار الشركة","01273570443","سهيلة سيد عبد الرحمن",""
"2018","مكتبة الرايق كفر الدوار","RFH0635819","KY3253CI","رضا","زيارة","222767","34292","5/17/2026 12:00:00 AM","كفر الدوار الحدائق مسجد السلام","01228548801","ميشيل نظيف ملك",""
"2021","مكتبة تكنو لايف","RFH0635854","KY3253CI","شعبان","زيارة","268008","19369","8/21/2026 12:00:00 AM","الحضرة بجوار مسجد العزيز المنان حى المهندسين","01033148314","0128584348عبد الرحمن",""
"","بيت الجملة فرع جاردينيا 1","RFH0635919","KY3253CI","وائل","ايجار","275366","42822","","","","",""
"2115","كنيسة الشهيد العظيم مارمينا","RFH0736247","KY3253CI","شعبان","ضمان","204409","19865","11/19/2026 12:00:00 AM","المندرة","0122385458","د / مينا نبيل",""
"2029","مكتبة طه","RFH0738996","KY3253CI","شعبان","ايجار","251456","80835","","حجر النواتية","01140054458","01211252345 -- محمد",""
"2053","اليكس مارين كريم الشيخ","RFH0739097","KY3253CI","مجدى","ضمان","280127","16198","9/27/2026 12:00:00 AM","ش / النصر المنشية","1004008793","03/4869684",""
"","بيت الجملة فرع جاردينيا 2","RFH1145209","KY3253CI","وائل","ايجار","118063","44948","","","","",""
"1617","شركة المدينة  لطب الإخصاب","RFH9103050","MFP3253","مجدى","زيارة","226099","75540","1/30/2026 12:00:00 AM","25 شارع كمال الدين صلاح - سموحة - الضمان ستة أشهر أو عشرة آلاف نسخة","34238431","آلاء شريف أحمد",""
"1124","مكتبة صولو","RFH9304529","KY3253CI","رضا","زيارة","181300","82348","5/8/2025 12:00:00 AM","العجمى البيطاش10000 نسخه","","ا / نادر",""
"1762","مكتبة حبيبة","RFH9407251","KY3253CI","كريم","زيارة","","","","المندرة","1228486962","",""
"2190","مكتبة اولاد بكر","RFH9510605","KY3253CI","شعبان","ضمان","269664","393101","1/12/2027 12:00:00 AM","اسكوت مدينة الاطباء","1277565544","ا / محمد عبد الفتاح",""
"2192","شركة النجار للتخليص الجمركى","RFH9816201","KY3253CI","مجدى","ضمان","328540","129026","1/14/2027 12:00:00 AM","اول ميدان ش النصر المنشية بجوار البنك التجارى الوفا","01005081737","مدام ناهد",""
"1659","حسين صقر","RFH9816231","KY3253CI","مجدى","زيارة","218168","90672","10/19/2025 12:00:00 AM","السلطان حسين","1007752548","",""
"1665","مكتبة الجامعه","RFH9817100","KY3253CI","مجدى","زيارة","148505","67660","2/10/2026 12:00:00 AM","امام مستشفى جمال عبد الناصر -- ضمان10000","1204141040","روان محمد",""
"1795","حمدي نور الاسلام","RFH9817276","KY3253CI","شعبان","ايجار","280633","125792","","  حجر النواتية","1060698002","",""
"1569","تكنو اليكس","RFH9817450","MP3253","رضا","زيارة","444357","22","1/6/2026 12:00:00 AM","سموحة - السويس  - الضمان ستة أشهر أو عشرة آلاف نسخة","1116226255","عمرو نوبي نصر",""
"1606","م / ياسر المنشاوى","RFH9818035","MFP3253","رضا","زيارة","56871","222064","","القاهرة","","",""
"536","جولدين ستارز","RFH9818468","KY3253CI","مجدى","صيانة","203454","73406","8/31/2026 12:00:00 AM","عزبة سكينه خلف شركة الكهرباء العوايد","1066856507","ا/ محمد صبحي ابراهيم",""
"2099","مدرسة براعم الكمال","RFH9919585","KY3207CI","شعبان","ضمان","296181","60622","12/11/2026 12:00:00 AM","عزبة محسن","01224000864","ا / هشام",""
"1658","مكتبة الشيخ على(المدينة المنورة)","RFH9920518","KY3253CI","شعبان","زيارة","52774","105069","2/13/2026 12:00:00 AM","ش المدينة المنورة من ش مكة","1271304148","",""
"1669","مكتبة الربان","RFH9X21948","KY3253CI","شعبان","زيارة","69854","111046","2/17/2026 12:00:00 AM","الحضرة الجديدة ش النزهة","1092958869","ا/محمد عبد الستار",""
"1783","اولاد النوبي","RFH9Y22353","CY3253CI","مجدى","زيارة","20507","169195","2/22/2026 12:00:00 AM","28علي 30 شارع قاسم امين متفرع من عرفان -محرم بك","1227319292","ا/ مدحت خليل",""
"2176","مكتبة ابو يوسف","RFH9Y24061","KY3253CI","مصعب","زيارة","","","","33 ش / الشيماء من المعهد الدينى العصافرة","01140193743","الكريم ابراهيم",""
"1748","مكتبة تاج الدين","RFH9Z25956","KY3253C","شعبان","زيارة","213676","303433","3/20/2026 12:00:00 AM","دربالة","1225233301","",""
"1637","مكتبة أبو الخير","RFH9Z26117","MFP3253","شعبان","ايجار","248476","514217","8/6/2026 12:00:00 AM","حجر النواتيه","1275347653","عبد الرحمن فتحى محمد هاشم",""
"2187","ا / عوض عبد المجيد","RFM0X34309","KY2553CI","عادل","ضمان","305399","180924","1/11/2027 12:00:00 AM","برج العرب","","",""
"1874","مكتبة ماندو","RFM1641309 ش","KY2553CI","","ارشيف","114423","495178","6/10/2026 12:00:00 AM","بجوار الشركة -- الضمان 10000 نسخة","01207554441","احمد محمد فتحى",""
"2033","جلف شادوز(جهاز مدينة رؤية الجديدة)","RFM9103651","KY2553CI","شعبان","ايجار","136820","183550","3/7/2027 12:00:00 AM","بجوار مستشفى الشرطة  -- كارفور","01200854746","ا / الاء عبد الغنى",""
"1775","مكتبة اية الجديدة","RFM9304654","KY2553CI","شعبان","زيارة","90414","199694","1/19/2026 12:00:00 AM","غبريال ش الترعة بجوار بيت الجملة","1225119423","ا / جمال",""
"1817","شركة السليماني","RFM9X19390","KY2553","شعبان","صيانة","109317","22470","6/6/2027 12:00:00 AM","سيدي جابر الشيخ","1111146028","03/5425137",""
"2020","شركة ميسكو (ساكو الادارة)","RFM9Z22700","KY2553CI","مجدى","ايجار","27688","139185","","المنشية بجوار البنك الاهلى فوق قبانى للاثاث","","ا / محمود",""
"1827","مكتبة الصفوة ( النصر)","RFM9Z22934","KY2553CI","شعبان","زيارة","14865","92767","2/21/2026 12:00:00 AM","ش / النصر --الضمان(5000)نسخة","1017469001","ايمن",""
"","الجامعة الاهلية","RFR9901998","KY6003I","مجدى","ايجار","1942880","","","بجوار الشركة","1208309372","ا / احمد عرفان",""
"","بور لوجيستيك","RFV9300525","KY5003I","مجدى","ضمان","299444","","10/13/2026 12:00:00 AM","المنشية باب 10","01003725588","احمد ربيع",""
"1228","مكتبة القزاز","RFV9803050","KY5003I","شعبان","زيارة","399899","","10/9/2025 12:00:00 AM","باكوس","1289915820","",""
"","ايليت الطبية ( الاشاعة )","RGP0100892","KY6007CI","شعبان","ايجار","787271","81620","","الطريق الدائرى قبل كارفور","","الايجار 1100 جنية",""
"1716","فيتابيوتكس ايجيبت للصناعات الدوائية","RGP0100892 ش","KY6007CI","","ارشيف","758519","70774","","مكتب الهندسية","1001349165","ا / احمد",""
"","ايليت الطبية (الدور 4)","RGP9100066","KY6007CI","شعبان","ايجار","275250","232869","","الطريق الدائرى قبل كارفور","","الايجار 1100 جنية",""
"1717","فيتابيوتكس ايجيبت للصناعات الدوائية","RGP9100066 ش","KY6007CI","","ارشيف","183791","209454","","الادارة - الدور الثانى","1001349165","ا / احمد",""
"1997","شركة كراس","RGQ9300431","KY5007CI","رضا","زيارة","","","","تبع عبد الرحمن المحاسب","","",""
"2174","مكتبة اوريكا","RGQ9901918","KY5007CI","رضا","زيارة","","","","محرم بيك على الترام","01225326203","كيرو",""
"","سيوة ارت","RGQ9901983","KY5007CI","رضا","زيارة","","","","","","",""
"1894","المدرسة الفرنسية (الشاطبى)","RGQ9X02219","KY5007CI","رضا","زيارة","116736","98104","","","","",""
"1675"," مطبعة دريم ارت","RGQ9X02219 ش","KY5007CI","","ارشيف","83099","74562","2/26/2026 12:00:00 AM","ش ايزيس","1207266803","مصطفى نيازي",""
"1709","مكتبة اولاد بكر","RGR0607234","KY4007CI","شعبان","زيارة","227588","46593","2/28/2026 12:00:00 AM","اسكوت مدينة الاطباء","1277565544","ا / محمد عبد الفتاح",""
"1801","ا / حسين الاسيوطى","RGR9Y04856","KY4007CI","رضا","زيارة","797773","7054","5/3/2026 12:00:00 AM","السيوف","1016639040","01281294842",""
"1722","مكتبة محمد سعد","RGS0410971","KY3207CI","عادل","زيارة","21304","9524","3/27/2026 12:00:00 AM","ابيس الثانية","1008200909","",""
"1903","اللؤلؤة","RGS0512766","KY3207CI","رضا","زيارة","","","","تبع عبد الرحمن مجدى","","",""
"1746","مكتبة ال عامر","RGS0Z16409","KY3207CI","عادل","زيارة","42170","176943","3/21/2026 12:00:00 AM","ش /الجمهورية","1001302942","السيد عامر",""
"1739","شركة انبريلا","RGS1117969","KY3207CI","شعبان","زيارة","13397","48085","3/20/2026 12:00:00 AM","السيوف سيتى لايت","1228505240","صابر محمود",""
"1799","مكتبة هدى الاسلام","RGS1419329","KY3253CI","شعبان","ايجار","481923","19348","","ش مكه","1100097749","0112512323ا/حازم نبيل",""
"1707","بازار السعد","RGS8Z00025","KY3207CI","شعبان","زيارة","63627","107122","3/14/2026 12:00:00 AM","كوبرى الناموس","1270720045","",""
"1722","تكنو اليكس","RGS9301860","KY3207CI","مجدى","زيارة","165450","565141","3/9/2026 12:00:00 AM","الادارة - سموحة","1116226255","عمرو نوبي نصر",""
"2076","ح / احمد ابو سعد","RGS9402236","KY3207CI","شعبان","ضمان","114659","54349","10/18/2026 12:00:00 AM","بجوار الشركة","","",""
"2075","مكتبة كيمو","RGS9704724","KY3207CI","عادل","زيارة","346186","88653","10/18/2026 12:00:00 AM","ارض سليم اسكندر","01229683089","السيد محمد السويفى",""
"1728","مكتبة الدكتور","RGS9704801","KY3207CI","شعبان","زيارة","71879","94333","3/29/2026 12:00:00 AM","كوبرى الناموس - امام مسجد القدس","1282343273","محمود عادل الشربينى",""
"1811","كنيسة الملاك بالحدائق","RGS9705370","KY3207CI","عادل","زيارة","274338","38138","5/10/2026 12:00:00 AM","كفر الدوار","1220665538","مدحت منير جرجس",""
"1945","المدينة للمراة  (حسابات عامة)","RGS9805957","KY3207CI","مجدى","زيارة","44495","674417","7/20/2026 12:00:00 AM","سموحه","","",""
"2073","مكتبة مصطقى ( الشرقاوى )","RGS9906381","KY3207CI","شعبان","زيارة","310470","61976","10/17/2026 12:00:00 AM","بجوار الشركة","1224236042","",""
"2219","محمد حمدى السيد دبا","RGS9X07090","KY3207CI","شعبان","ضمان","444722","730876","7/21/2026 12:00:00 AM","الحضرة ش / المفتش امام مسجد الفتاح","01021695433","03/4045324 -- 01288932177",""
"2099","مدرسة براعم الكمال","RGS9Z08539","KY3207CI","شعبان","ضمان","1248402","128089","12/11/2026 12:00:00 AM","عزبة محسن","01224000864","ا / هشام",""
"","هانى المنشاوي","RGT0309746","KY2507CI","شعبان","ايجار","291821","43750","","ش/ ونجت","1002715041","",""
"2139","ايليت الطبية ( مخ واعصاب )","RGT0511838","KY2507CI","شعبان","ايجار","29112","642710","","الطريق الدائرى قبل كارفور","01146766691","الايجار 1100 جنية",""
"1808","شركة ميسكو ( الساحة بور سعيد)","RGT0512316","KY2507CI","مجدى","ايجار","114698","4324","","اللوجيستيك - بور سعيد","01019522388","رؤوف سامى",""
"","رافى مار","RGT0512324","KY2507","مجدى","ضمان","77694","73077","10/13/2026 12:00:00 AM","الجند المجهول المنشية برج الامراء","","",""
"2216","بيت الجملة ( برج العرب المتاجر)","RGT0Z15312","KY2507CI","السيد","ايجار","24165","219871","","برج العرب الجديد بجوار الموقف","","",""
"2128","مكتبة حسام على","RGT9100462","KY2507CI","عادل","ضمان","46486","36029","9/3/2026 12:00:00 AM","النهضة العامرية","01065562759","01126191904",""
"1826","شركة اسكاى جولد","RGT9100466","KY2507CI","عادل","زيارة","","","","باب شرق -- ش / فؤاد","1201940163","احمد",""
"1770","مكتبة النوبية","RGT9100521","KY2507CI","شعبان","زيارة","233317","166417","4/17/2026 12:00:00 AM","ش العاقصى الظاهرية","1273546149","03/5760476",""
"","بيت الجملة فرع العبور الادارة 1","RGT9100954","KY2507CI","وائل","ايجار","249972","63746","","العبور","","",""
"1873","بازار عامر زاد","RGT9301539","KY2507CI","شعبان","زيارة","38131","97703","6/10/2026 12:00:00 AM","المعمورة ش / 25 بجوار الادارة التعليمية -- الضمان 10000 نسخة","01223474597","01212515773",""
"1790","مصنع التوحيد","RGT9402312","KY2507CI","مجدى","صيانة","","","1/31/2027 12:00:00 AM","كفر الدوار","1284343945","ا / عادل عبد المنعم",""
"","بيت الجملة ( مكتب ميراج )","RGT9402356","KY2507CI","وائل","ايجار","134595","129642","","التجمع الخامس","","",""
"1702","شركة ماكو للمقاولات","RGT9X07100","KY2507CI","شعبان","زيارة","139907","624","12/10/2025 12:00:00 AM","السيوف","1226896810"," احمد عبد المجيد --0118933938",""
"1970","ايليت الطبية ( كيدز اريا )","RGT9X07354","KY2507CI","شعبان","ايجار","81047","41862","","الطريق الدائرى قبل كارفور","1559993069","الايجار 1100 جنية",""
"1809","شركة ميسكو (دمياط) ساحة ميلز","RGT9X07354 ش","KY2507CI","","ارشيف","81036","41855","","ميسكو للخدمات اللوجستية المتكاملة ( ساحة ميلز )","","",""
"","الجامعة الاهلية","RGU1301592","KY6057I","مجدى","ايجار","1260545","","","بجوار الشركة","1208309372","ا / احمد عرفان",""
"","تارجت","RGU1301621","KY6057I","مجدى","ايجار","702585","","","ش - وابور المياه","","",""
"1719","فيتابيوتكس ايجيبت للصناعات الدوائية","RGU1301621 ش","KY6057I","","ارشيف","673740","","","المخازن","1001349165","ا / احمد",""
"","الجامعة الاهلية","RGU1501894","KY6057I","مجدى","ايجار","846040","","","بجوار الشركة","1208309372","ا / احمد عرفان",""
"","الجامعة الاهلية","RGU9500401","KY6057I","مجدى","ايجار","999487","","","بجوار الشركة","1208309372","ا / احمد عرفان",""
"1729","شركة تاج لتجارة الكيماويات","RGV0501873","KY5057I","مجدى","صيانة","1216499","","8/24/2026 12:00:00 AM","سيدي جابر اسبورتنج ع الترام -- تم نقل العقد على الكيوسيرا","1063337537","03/5416018",""
"1675","مكتبة الرواد","RGV9X00851","KY5057 I","شعبان","زيارة","316635","","2/27/2026 12:00:00 AM","شارع وينجت بعد المزلقان","1004259308","ا/ سعيد عبد النبي",""
"1712","مدرسة الابداع الدولية","RGV9Y00997","KY5057I","مجدى","صيانة","250045","","9/1/2026 12:00:00 AM","ابيس الزراعى","1227323131","على عبد النبى",""
"","وزارة الصحة هيئة التدريب","RGV9Z01286 ش","KY5057I","","ارشيف","936393","","5/31/2026 12:00:00 AM","دار اسماعيل","","الايجار 30000 نسخة",""
"2170","مكتبة L H","RHC9Z22945","KY4053CI","شعبان","زيارة","","","","المراغى الجديدة ش / 9","01101437472","طارق",""
"1734","جولدين ستارز","RICOH","SP501","مجدى","صيانة","","","8/31/2026 12:00:00 AM","عزبة سكينه خلف شركة الكهرباء العوايد","1066856507","ا/ محمد صبحي ابراهيم",""
"1734","جولدين ستارز","RICOHH","SP501","مجدى","صيانة","","","8/31/2026 12:00:00 AM","عزبة سكينه خلف شركة الكهرباء العوايد","1066856507","ا/ محمد صبحي ابراهيم",""
"429","ايوب برسوم","RL19102035 ش","KY6000","","ارشيف","151010","","4/20/2026 12:00:00 AM"," محطة الرمل/المصريه للخدمات الجمركيه","1014995777","01221064000",""
"1865","شركة ميسكو يوروشبنج","RL19102035 شش","KY6000","","ارشيف","292112","","","خلف/ استاد الاسكندرية","1203000125","ا / شحاتة",""
"447","مكتبة عجمستا","RL19202342","KY6000","","زيارة","215484","","","باكوس ش 20","","",""
"1708","مدرسة جمعية سيدى جابر(بناتى الدائرى)","RTT9X00014","KY8307CI","شعبان","زيارة","752221","34407","3/14/2026 12:00:00 AM","الدائرى ابيس العاشرة","1288756501","ا/ سماح",""
"1941","مكتبة مالك وكوكو القرش","RUY1519779","KY352CI","رضا","زيارة","33939","14907","4/16/2026 12:00:00 AM","عم احمد -- العالمين بجوار مكتب البريد","01288278377","0104084942",""
"","بيت الجملة فرع الورديان","RUZ0903317","KY357CI","السيد","ايجار","3489","22249","","بجوار خفاجة","","",""
"","بيت الجملة فرع الهانوفيل","RUZ0X03494 ش","KY357CI","","ارشيف","22551","29273","","الهانوفيل","","",""
"2200","شركة انابيب البترول","RUZ1105115","KY357CI","عادل","ايجار","105224","30931","","فاكس","","",""
"2129","ا / حسين الاسيوطى","RUZ9X00168","KY357CI","رضا","زيارة","51317","2699","","","","",""
"399","شعبان الشهر العقارى","S2077201620","SP 4100","طارق","زيارة","","","","سيوف شماعة","1155344575","",""
"1899","مدرسة عثمان بن عفان","S2086404442","SP4100","شعبان","زيارة","","","","باكوس","","",""
"1425","ا/صلاح المحامى","S2086502159","SP4100N","يحيي","زيارة","","","","","","",""
"924","شركة النيل للنقل البري","S2089002766","SP 4100","مجدى","زيارة","310868","","1/31/2026 12:00:00 AM","ا / محمد لطفى -- كرموز","1201215434","",""
"171","ادوية السيوف","S214602416 ش","mpc300","","ارشيف","","","6/29/2022 12:00:00 AM","السيوف","1090718182","",""
"20","مكتبة الامناء","S277300955","mp3500","شعبان","زيارة","","","","العصافرة قبلي استوديو كرنفال مدرسة فاطمة الزهراء","1273165079","01229620098 -0121276302",""
"1206","مطبعة هاى كوالتى","S3717020107","SP8200","شعبان","زيارة","","","","لوران","1203499082","ا / بسام",""
"44","ادوية السيوف (المخازن)","S3726720040 ش","SP8200","","ارشيف","","","","السيوف","1090718182","",""
"1327","مستشفى اليكس(الحسابات)","S5208503738","SP 4210","شعبان","زيارة","","","","رشدي","","",""
"843","حضانة جذور","S520853849","SP4210","اسامة","زيارة","","","","","","",""
"173","الاكاديمية شئون الطلبة","S5209101905","sp4210","مجدى","صيانة","","","8/31/2026 12:00:00 AM","المنتزة","1272796901","",""
"174","الاكاديمية شئون العاملين","S5209104103","sp4210","مجدى","صيانة","","","8/31/2026 12:00:00 AM","المنتزة","1272796901","",""
"","بيت الجملة فرع مدينتي","S5209105982","SP4210","وائل","ايجار","23347","","","مدينتى","","",""
"","مدرسة الاقبال","S5209204217","SP4210","كريم","زيارة","","","","فيكتوريا","1222633508","ا / مرفت",""
"1013","ا / محمد على الكلاف","S5209302041","SP4210","شعبان","زيارة","","","6/11/2026 12:00:00 AM","ش / المعهد الدينى العصافرة قبلى","1507990263","01221829429",""
"176","عم خليل الميناء","S5209604185","Sp4210","ايمن","صيانة","234601","","","الميناء","1221112287","",""
"1557","بيت الجملة فرع سموحة (الدرك ستور)","S5218503411 ش","SP4210","","ارشيف","132336","","","سموحة","","",""
"1098","شركة السليماني","S5218601964","SP4210","شعبان","زيارة","","","5/14/2026 12:00:00 AM","سيدي جابر الشيخ","1111146028","03/5425137",""
"","بيت الجملة التجمع الخامس(خدمة العملاء)","S5218602587","SP4210","وائل","ايجار","48886","","","التجمع الخامس","","",""
"858","مدرسة الاقبال","S5218703749","SP 4210","مصطفى","زيارة","49951","","","فيكتوريا","1222633508","ا / مرفت",""
"1900","شورما عربى","S5218704150","SP4210","كريم","زيارة","","","","الشاطبى","01090780776","",""
"1531","بيت الجملة فرع مدينتي","S5218704217 ش","SP4210N","","ارشيف","218945","","","القاهره","","",""
"681","المنطقة الشمالية ( شعبة تدريب)","S5218706193","SP4210","مجدى","زيارة","","","","سيدى جابر/ ش المشير","1008976037","",""
"","بيت الجملة التجمع الخامس (الخزنة)","S5218802115","SP4210","وائل","ايجار","64560","","","التجمع الخامس -- الغاز","","",""
"1550","مدرسة احمد زويل","S5298700966","SP421N","مجدى","زيارة","","","","","","",""
"544","هيئة الابنية","S5298800588","SP4210","يحيي","زيارة","","","","المدينة الجامعية /عزبة سعد","","",""
"","بيت الجملة (شبين الكوم) الخزنة","S5299402585","SP 4210","وائل","ايجار","17288","","","المنوفية -- شبين الكوم","1211667301","م / وائل المنوفية",""
"852","شركة الولاء","S5409600619","SPC232","طارق","زيارة","","","","المندرة","","",""
"1870","اليكترو الحبشى","S6808800472","SP3400","يحيي","زيارة","","","","اسلام -- برج العرب","01100957683","01200667886",""
"1409","الجوكر ابو سليمان","S7213700536","MPC 300","يحيي","زيارة","","","","ابو سليمان","","",""
"371","ا/عطية هلال","S7213700829","MPC300","","زيارة","358765","39649","2/1/2023 12:00:00 AM","كوبري الناموس ش/ الفنار","1223047902","",""
"179","ادوية السيوف ( محمود الخطيب )","S7214000955 ش","mpc300","","ارشيف","","","","السيوف","1090718182","",""
"181","المدينة للمراة (حسابات مرضي)","S7214100287","mpc300","مجدى","زيارة","","","","سموحه","","",""
"528","الاكاديمية مكتب المراقب العام","S7214100786","MPC300","مجدى","صيانة","","","8/31/2026 12:00:00 AM","المنتزة","1272796901","",""
"183","سنترال النور","s7214101257","mpc 300","شعبان","زيارة","72538","41810","8/31/2022 12:00:00 AM","عزبة فتى المطار","1222373849","عم السيد",""
"155","ا / عبد الناصر (شعراوى)","S7214101353","MPC300","يوسف","زيارة","50367","12841","","ش - شعراوى","1063224844","تبع حمادة الدولية",""
"567","يسرى الطبية","S7214200506","mpc300","مجدى","صيانة","","","10/27/2027 12:00:00 AM","الساعة","1002168399","03/5264377",""
"184","جمعية  صناع الحياة","S7214200759","mpc300","شعبان","زيارة","","","7/30/2023 12:00:00 AM","لوران","1111119857","",""
"2065","محمود  الجوكر","S7214300499","MPC300","يحيي","زيارة","387761","957","","ابو سليمان ( الشهر العقارى)","1281003008","",""
"814","الشيخ محمود","S7214300499 ش","MPC300","","ارشيف","","","","بجوار الشركة","1222353604","",""
"186","المدينة للمراة (الحقن المجهري)","S7214400286","mpc300","مجدى","زيارة","","","","سموحة -- I V F","","الدور الاول الريسبشن",""
"1350","عمر عبد المنعم ( ش عشرين)","s7214400391","mpc300","يوسف","زيارة","","","","","","",""
"188","الاكاديمية مكتب اشرف","S7214400786","mpc300","","زيارة","","","8/31/2023 12:00:00 AM","المنتزة","1272796901","",""
"381","الاكاديمية ا/اشرف جبر (البيت)","S7214400857","MPC300","اسامة","زيارة","","","","المنتزة","","",""
"189","شركة الصقر للعزل","S7214401373","MPc300","مجدى","صيانة","","","8/23/2026 12:00:00 AM","الراس السوداء","1064248598","03/2569651",""
"612","نقابة المهن الصحيه","S7214401743","MPC300","مجدى","زيارة","","","","الابراهيمية","1224529303","03/4281619",""
"1727","سى مارين","S7214500590","MPC300","مجدى","زيارة","","","","","","",""
"1565","حسن حجازى","S7214500617","MPC300","شعبان","زيارة","","","","","","",""
"1397","سنتر I W I","S7214500707","MPC300","ايمن","زيارة","470067","46288","","بجوار مستشفي  شرق المدينة","","",""
"1390","د / محمد (فى العمارة)","S7214500851","MPC300","","زيارة","121403","135103","","عمارة الشركة","","",""
"440","مكتبة النجاح","S7214501402","MPC300","اسامة","زيارة","","","","العصافرة / ش الثلاجة","","",""
"599","جراند مول لمعى","S7214501716","MPC300","اسامة","زيارة","","","","الطريق الدائرى قبل كارفور","1226006671","ا / بيشوى فكرى",""
"2109","م / ايهاب صاحب محمد يحيى","S7214501722","MPC300","يحيي","زيارة","102925","14295","","","01282430148","",""
"196","بقالة الابيض","S7214501723","MPc300","شعبان","زيارة","","","","حجر النواتية","1277257603","01110796144",""
"899","ش / محمد حزين","S7214501724 ش","MPC300","","ارشيف","684486","224151","","العوايد -- القلعة","1128116295","",""
"356","نادى الجياد (المدير التنفيذى)","S7214501786","mpc300","شعبان","زيارة","","","","سموحة","1208880029","",""
"192","اليكس لايف","S7214600372","mbc300","ايمن","صيانة","","","","العجمى الهانوفيل / تجديد شهرى","","تجديد شهرى",""
"193","مدرسة الميريدين","S7214601188","mbc300","ايمن","صيانة","","","10/1/2023 12:00:00 AM","العجمى الهانوفيل","","",""
"624","كاربت سيتى","S7214700085","MPC300","مجدى","زيارة","","","","المنشية / عمارة شيكوريل","1028379459","01225277506",""
"91","الاكاديمية مكتب العميد","S7214700472","MPC300","مجدى","صيانة","","","8/31/2026 12:00:00 AM","المنتزة","1272796901","",""
"177","عماد شعبان","S7214700543","mpc300","شعبان","زيارة","137557","6750","10/24/2022 12:00:00 AM","برج الكوثر","1284328988","ا / اسماء سعيد01278881381",""
"195","مجزر الدولية","S72224300055","MPC300","","زيارة","","","","الحرفيين الموقف الجديد","","",""
"407","مدرسة البحر المتوسط","S7223700261","MPC 300","شعبان","زيارة","","","2/1/2023 12:00:00 AM","سموحة","1281271035","عقد صيانة شهور المدرسة فقط",""
"1270","مكتبة الاضواء","S7223700286","MPC300","شعبان","زيارة","","","","بجوار شركة فارتا للورق -- باكوس","1276551145","ا / احمد نصر",""
"12","مقر حجز كومبانود اغادير","S7223900643","MPC300","","زيارة","","","","","","",""
"947","مدرسة المهدية الابتدائية","S7223900658","MPC300","اسامة","زيارة","","","","","","",""
"197","مدرسة وادي الملوك","S7224000358","mbc300","ايمن","زيارة","","","","العجمي ابو يوسف","","",""
"198","شركة الابرار للادوية","S7224100343","mpc300","اسامة","زيارة","","","1/14/2023 12:00:00 AM","الرابعة الناصرية","1211149359","",""
"517","مكتبة ماجيك بن","S7224100706","MPC 300","شعبان","زيارة","","","","ش/ محمد نجيب فيكتوريا","1204703030","ا / محمد عبد السميع",""
"199","المدينة للمراة","S7224200753","mpc400","مجدى","زيارة","","","","سموحة","","",""
"200","سنترال النور","S7224300044","MPc 300","شعبان","زيارة","","","","عزبة الفتي المطار","1222373849","عم السيد",""
"1111","ا/عمرو عبد الجليل","S7224300069","MP300","شعبان","زيارة","","","","","","",""
"781","مكتبة الشيخ على(المدينة المنورة)","S7224300395 ش","MPC 300","","ارشيف","","","","ش / مكة","1271304148","",""
"590","مدرسة الاقبال","S7224300420","MPC300","الزهري","زيارة","114533","43665","","فيكتوريا","1222633508","ا / مرفت",""
"190","محمد شحاتة  مدام وفاء","S7224300522","mpc300","مجدى","زيارة","","","","العصافرة","1094488358","S7214500319 رقم الشاسية القديم",""
"201","فاست 2","S7224600404","mpc300","مجدى","زيارة","","","4/17/2025 12:00:00 AM","المنشية -  ( اسبور تاون )","1226010654","03/4839553",""
"2047","تارجت","S7224700696 ش","MPC300","","ارشيف","106434","176064","3/22/2027 12:00:00 AM","ش - وابور المياه","","",""
"1729","المدينة للمراة (التسويق)","S7224700762","MPC","مجدى","زيارة","","","","","","",""
"202","مونى ستور","S7233800023","mpc300","طارق","زيارة","1068183","14778","11/14/2022 12:00:00 AM","ش النصر سموحة","1154533045","",""
"21","T . M . I","S7233800060","MPC300","رضا","زيارة","","","11/22/2023 12:00:00 AM","العامرية منطقة حرة","1061662570","",""
"271","مؤسسة حسن علي","S7233800140","mpc300","","زيارة","","","","المزرعة","","",""
"273","مصنع التوحيد ( القص)","S7233800154","mpc300","مجدى","صيانة","","","1/31/2027 12:00:00 AM","كفر الدوار","1279588593","01204344446",""
"","تارجت","S7233800200 ش","MPC300","","ارشيف","132341","44851","3/22/2027 12:00:00 AM","ش - وابور المياه","","",""
"94","المدينة للمراة","S7234090203","mpc400","مجدى","زيارة","","","","سموحة","1550559582","ا/هاني",""
"710","مكتب العمدة","S7234100298","MPC300","ايمن","زيارة","","","","بجوار الميناء","","",""
"568","يسرى الطبية","S7234200574 ش","mpc300","","ارشيف","","","10/27/2025 12:00:00 AM","الساعة","1002168399","03/5264377",""
"601","ا / احمد فتوح (تبع توشيبا)","S7234200591","MPC300","رحيم","زيارة","539744","132833","","","","",""
"487","مكتبة المستقبل قبطان هشام","S7234200670ش","mpc300","","ارشيف","148268","48774","4/1/2026 12:00:00 AM","سيدى بشر ش العيسوى","1222280983","",""
"1004","لغة العصر","S7234600248","MPC300","طارق","زيارة","","","","","","",""
"1172","ا / ماجد صبرى","S7304700117","MPC300","مصطفى","زيارة","","","","عزبة محسن ش 8 -- العوايد","1223505416","",""
"536","نادى الجياد (شئون العضوية)","S7313900355","mpc300","شعبان","صيانة","","","5/31/2027 12:00:00 AM","سموحة","1277088341","ا / جهاد حسن",""
"366","المدينة للمرأة لطب الاخصاب عيادات","S7314400099","MPC300","مجدى","زيارة","","","3/13/2023 12:00:00 AM","سموحه","1023284864","ا / نوح",""
"388","حضانة جدو سلام","S7314500178","MPC 300","الزهري","زيارة","","","","باكوس ش/ سينما ليلي","1090089951","",""
"263","علي امبروزو سجل محرم","S7314700150","MPc300","شعبان","زيارة","","","","امبروزو","1271840522","",""
"42","الاكاديمية ا/اشرف جبر","S7324200073","mpc300","مجدى","صيانة","","","8/31/2026 12:00:00 AM","المنتزة","1272796901","",""
"215","جمعية ظلال الخير","S7324300056","MPC300","شعبان","زيارة","","","6/30/2023 12:00:00 AM","بجوار الشركة","1222990183","01229905450---01273422379",""
"543","نادي القضاه","S7324500172","mpc300","شعبان","زيارة","","","","ونجت","1005436900","ا / احمد مرتضى",""
"1328","ا/ رامي صبري (القاهرة)","S7324700015","MPC400","طارق","زيارة","321984","282846","","القاهرة","1142995992","",""
"178","جمعية  صناع الحياة","S7324700111","mpc300","شعبان","زيارة","","","7/30/2023 12:00:00 AM","16 تنظيم غبريال شدس","1111119857","",""
"400","مكتبة عم بليدي","S7324800084","MPC 300","شعبان","زيارة","","","","خورشيد","1277553043","01004648174",""
"2177","ا / ادهم","S7333700018","MPC300","شعبان","زيارة","","","","بجوار الشركة","01556775504","",""
"353","قلعة الاسكندرية ( فيجن)","S7333800048","MPC300","طارق","زيارة","","","","ا / عصام (01203303483) برج العرب","1226069969","ا/ وليد",""
"1068","حضانة BUSY BEE","S7334100018","MPC300","مجدى","ايجار","68910","88027","","محطة مصر","1276690851","ا / رنا",""
"213","شركة المجد للصناعات الغذائية","S7334300096","MPc300","طارق","زيارة","","","5/31/2023 12:00:00 AM","ش / محمد نجيب","","03/3586376",""
"1284","مكتبة بناتى","S7334700007","MPC300","شعبان","زيارة","","","","فلمنج - بجوار كلية تربية رياضية بنات","1224792011","",""
"1025","محمود  الجوكر","S7414700010","MP400","شعبان","زيارة","178886","14949","","ابو سليمان ( الشهر العقارى)","1281003008","",""
"2085","تارجت","S7414700010 ش","MPC400","","ارشيف","132833","14949","3/22/2027 12:00:00 AM","ش - وابور المياه","","",""
"775","شركة R & J","S7414700012","MPC 400","شعبان","زيارة","","","","ش/ فوزي معاز--سموحة","1119923025","",""
"595","مطبعة محمد عطية","S7433700066","MPC300","مجدى","زيارة","","","","ش / صلاح الدين ابو سليمان","1221227917","",""
"542","قسم العامرية لواء سامح نجيدة","S7434700040","MPC400","طارق","زيارة","195329","58868","","داخل قسم العامرية","","",""
"1792","شركة ايدر","S7533800021","MPC400","شعبان","زيارة","","","","سموحة بجوار مسجد على بن ابى طالب","1024974939","ا / باسم على",""
"1233","سويت جرل","S7653338000","MPC300","شعبان","زيارة","","","","العوامره","","",""
"1196","شركة فلوكيجر","S8112300411","SP5200","","ارشيف","174613","","4/1/2027 12:00:00 AM","بعد الموقف الجديد","1154042556","01278642080 -ا/ محمد الدسوقي",""
"1199","شركة فلوكيجر","S8112300495","SP5200","","ارشيف","118668","","4/1/2027 12:00:00 AM","بعد الموقف الجديد","1154042556","01278642080 -ا/ محمد الدسوقي",""
"1202","شركة فلوكيجر","S8112400853","SP5200","مجدى","صيانة","427640","","4/1/2027 12:00:00 AM","بعد الموقف الجديد","1154042556","01278642080 -ا/ محمد الدسوقي",""
"1902","كلية الزراعة","S8131500617","SP5200","كريم","زيارة","","","","سبا باشا","01222599776","د / هيثم عميش",""
"1331","الضرائب الورديان","S8131800680","SP5200","كريم","زيارة","","","","الورديان","","",""
"1283","سنتر Create","S8132001358","SP5200","شعبان","زيارة","","","","كفر عبدة","","01555961426",""
"720","مامورية ضرائب سيدى جابر","S8141602639","MP 5200","اسماعيل","زيارة","","","","المنشية  ش / النصر","1285385656","ا / وليد",""
"1317","مصطفى دربالة ( المهندس)","S8231600096 ش","SP5210","","ارشيف","","","","سيدى بشر / دربالة","1229292048","",""
"914","شركة ميسكو مرغم (الجراج المخازن)","S9014700499","MP5200","عادل","ايجار","205707","",""," (يوروشيبنج)  مرغم / الجراج","1210415403","ا / احمد اسماعيل",""
"1776","شركة ثرى استار8","S9014800140","MP5200","عادل","ايجار","303829","","","المنطقة الحرة -- IT","1287900977","ا/ عمرو",""
"1034","ا / محمود سعيد (ميامى)","S9014800295","SP 5200","يحيي","زيارة","","","","ش / اسكندر ابراهيم ميامى - بجوار كافية الفراعين","1111255585","",""
"1498","محل رفعت للادوات الكهربائية","S9014987479","SP5200","شعبان","زيارة","142003","","2/2/2025 12:00:00 AM","باكوس بجوار قهوة السكرية","1224666799","",""
"205","شركة فلوكيجر","S9024300805","SP5200","","ارشيف","56831","","4/1/2027 12:00:00 AM","بعد الموقف الجديد","1154042556","01278642080 -ا/ محمد الدسوقي",""
"485","شركة عابدون","S9034000431","MP5200","السيد","زيارة","158465","","","المنشية","","تبع  م / يوسف العجمى",""
"475","حضانة المستقبل (فيوتشر)","S9034101851","","طارق","زيارة","193211","","","العوايد / شارع الايمان بجوار كافية الخوسكي --","1212708776","",""
"8","سنتر تيمون و بمبه","S9034301714","SP5210","","زيارة","","","","العصافرة","","",""
"441","مدرسة  طة حسين","S9034500244","MP 5200","شعبان","زيارة","203797","","6/10/2023 12:00:00 AM","فلمنج / ش مصطفي كامل --الضمان (10000) نسخة","1223592012","S9059000028 كونترول الالة القديمة المستبدلة",""
"1622","مكتبة مكة (طوسون)","S9043800196","MP5200","عادل","زيارة","323187","","11/2/2025 12:00:00 AM","خالد عبد المنعم زكى --  طوسون","1004030565","خالد عبد المنعم زكى",""
"1100","نادى الاسطول ( ميس الضباط)","S9043800216","SP5210","مروان","زيارة","","","","البحرية -- راس التين","1155564051","ا / امير العباسى",""
"991","مكتبة الاسمر","S9044200175","MP5210","مروان","زيارة","","","","مساكن الحرمين - المندرة","1200211146","السيد عبد الهادي محمد",""
"1847","مكتبة النوبى ش العلافين","S9044200234","SP5200","شعبان","زيارة","","","","ش / العلافين كوبرى الناموس","01282011775","",""
"1638","صرف شمال البحيرة","S9044300070","","عادل","زيارة","169280","","","كفر الدوار","","تبع م / عباس",""
"645","كريم الديبة","S9044300096","SP5200","يوسف","زيارة","","","","نزلة ابو سعدة","1210406450","",""
"28","ا/ امنية محمود الميناء","S9044300110","SP5200","ايمن","زيارة","","","8/18/2022 12:00:00 AM","الميناء","1274223135","",""
"558","شركة ميسكو مرغم (الجراج حسابات)","S9058800383","SP 5200","عادل","ايجار","128560","","","مرغم بجوار كوبرى ابو الخير/ (يوروشيبنج)","1204411027","01210881998 --- ا / اسلام",""
"655","ا / انور ابو انور","S9058900114","SP 5200","ايمن","زيارة","","","","بحرى","1020630616","تبع ايمن ابو زيد",""
"659","شركة ميسكو (العين الساخنه)","S9058900121","SP 5200","مجدى","ايجار","71430","","","شركة مايلز-- الساحة","","",""
"411","مكتبة محمد سعد","S9058900128","MP 5200","شعبان","زيارة","117605","","5/7/2023 12:00:00 AM","13ش/عبد الفتاح الطويل ( فلمنج )   او (5000) نسخة","1284379809"," 03/5438509--01211934674",""
"660","شركة ميسكو (العين الساخنه)","S9058900193","SP 5200","مجدى","ايجار","65604","","","مكتب رقم 50 -- شركة ويك","","",""
"45","اكاديمية التعلم المرح","S9059000050","Sp5200","شعبان","زيارة","","","","","","",""
"1003","احمد سجلات الانفوشى","S9059000054","SP5200","رضا","زيارة","","","","المدرية القديمة","","",""
"651","جمعية خريجى ابيس للتنمية","S9059000066","SP5200","اسامة","زيارة","","","","ابيس 8","1270999832","ا / رائف جودة",""
"661","شركة ميسكو (العين الساخنه)","S9059000093 ش","SP 5200","","ارشيف","166547","","","شركة مايلز","","",""
"560","شركة ميسكو مرغم (الجراج)","S9059100421","SP 5200","عادل","ايجار","","","","مرغم / الجراج","1204411027","01201663351 -- ا / مينا",""
"1570","شركة ميسكو (العين الساخنه) RCL","S9059500151","SP5200","مجدى","ايجار","409715","","","العين السخنة  -- (مكتب رقم 51 ) RCL","","",""
"1117","شركة ميسكو ( الارشيف المنشية)","S9124600206","MP 5200","مجدى","ايجار","580567","","","المنشية  ش/ احمد عرابى (جلوب لينك)","1210077553","ا / هشام",""
"1268","مكتبة اسبرنتو","S9143800071","MP5200","يحيي","زيارة","","","","العجمى","","",""
"1746","الصرف العامرية الناصرية","S9144000114","SP5200","عادل","زيارة","","","","تبع م / عباس","","",""
"1845","الصرف العامرية الناصرية","S9148800925","SP5200","عادل","زيارة","","","","تبع م / عباس","","",""
"1875","شركة ثرى استار8","S9224700208","MP5200","عادل","ايجار","182269","","","المنطقة الحرة -- السكرتارية","1287900977","ا/ عمرو",""
"1554","محمد شعبان (القوى العاملة)","S9224700208 ش","SP5200","","ارشيف","","","","سموحة -- مكتب القوى العاملة","1227868459","01023107733",""
"753","فندق بلازا","S9224700263","SP5200","شعبان","زيارة","","","","سان استيفانو","","تبع توشيبا",""
"1860","بازر القدس","S9224700284","MP5200","شعبان","زيارة","","","","تحت كوبرى كيوباترا","01274440649","محمد حسن",""
"477","مكتبة العلم والايمان","S9224800334","SP 5210","يحيي","زيارة","195108","","","بجوار الشركة","1223611488","",""
"2059","جمعية الاحسان","S9224800343","SP5210","يحيي","زيارة","114713","","","الجاردات ابو حمص -البحيره","0120681555601063343881","ا/ فاروق المصري",""
"866","شركة ميسكو (ساكو الدخيلة)","S9224800404","MP5200","عادل","ايجار","97534","","","بجوار باب 5 ميناء الدخيلة","1069078678","ا/ نادر الجيار",""
"1058","القوات المسلحه","S9234400239","MP5200","يحيي","زيارة","","","","","","",""
"1272","شركة ثرى استار IT","S9234700047","SP5210","عادل","ايجار","104530","","","المنطقة الحرة -- الجودة","1287900977","ا/ عمرو",""
"935","نادى الاسطول ( ميس الضباط)","S9249100534","SP5210","طارق","زيارة","116289","","7/16/2024 12:00:00 AM","البحرية -- راس التين","1155564051","ا / امير العباسى",""
"1289","محمود البنا","S9249500020","SP5210","","زيارة","500655","","","","1200444401","",""
"1495","شركة ثرى استار","S9249500025","SP5210","عادل","ايجار","67209","","","المنطقة الحرة -- HR","1287900977","ا/ عمرو",""
"1071","فادى سجلات الدخيلة","S9249500387","SP5200","يوسف","زيارة","","","","","","",""
"418","ا/ احمد حنفى (فصيح كيدز)","S9258500247","SP 5200","شعبان","زيارة","55404","","2/8/2023 12:00:00 AM","المندرة - مساكن الحرامين  --  ضمان (5000) نسخة","1282181005","",""
"559","شركة ميسكو مرغم ( الحاويات)","S9258500261","SP 5200","عادل","ايجار","27950","","","مرغم / دخلة عبد القادر/ الحاويات (جلوب لينك)","1204411027","ا / هشام جمال 01202767777",""
"594","ا / ياسمين السيوف","S9258500325","SP5210","رحيم","زيارة","","","","السيوف شماعة","1010230480","",""
"23","T . M . I","S9258600096","SP5210","رضا","زيارة","","","11/22/2023 12:00:00 AM","العامرية منطقة حرة","1061662570","",""
"1553","محمد شعبان (القوى العاملة)","S9258700172 ش","SP5200","","ارشيف","","","","سموحة -- مكتب القوى العاملة","1227868459","01023107733",""
"1944","شركة بايونير","S9258800500","MP5200","كريم","زيارة","386998","","","34 شارع أبى الدرداء أمام قسم اللبان الدور الثالث","","تبع م/ خالد البربرى",""
"1082","مؤسسة حسن عباس","S9258800500 ش","SP5200","","ارشيف","","","","باكوس - الترام","1277064770","تبع م / خالد البربرى",""
"1035","سنتر ماى اسبيس (يارا محمد)","S9258800529","MP5210","السيد","زيارة","343379","","11/6/2024 12:00:00 AM","فلمنج -- الضمان (10000) نسخة","1288860144","ا / محمد عزب 01000886818",""
"1023","ا / ياسر المراغى","S9258900250","SP 5210","رضا","زيارة","162013","","11/26/2024 12:00:00 AM","المراغى --  الضمان(10000) نسخة","1226961096","",""
"1112","وحدة طب اسرة الورديان","S9258900309","SP 5200","ايمن","زيارة","","","","الورديان","1224556270","ا / شكرية",""
"1051","مكتبة الميجا (البيطاش)","S9258900378","SP5200","طارق","زيارة","","","","العجمى -- البيطاش","1229220834","ا / مجدى",""
"212","اكاديمية الطفل المسلم","S9258900485","MP5210","شعبان","زيارة","128380","","2/16/2023 12:00:00 AM","سيدى جابر الضمان(5000) نسخة","1201195590","01202151781 / الحج عبد الرازق",""
"355","عادل خميس دياب","S9258900494","MP5210","ايمن","زيارة","200683","","3/2/2023 12:00:00 AM","باب27 الميناء","","     الحج علي تبع (خميس دياب) 01227027058",""
"1133","شركة ميسكو مرغم ( الايداع)","S92589900227"," MP5200","عادل","ايجار","","","","مرغم / امام بنزينةTOTAL","1224723748","ا / محمد فتح الله",""
"1616","مكتبة الاسمر","S9259300026","MFP5210","رضا","زيارة","374087","","","مساكن الحرمين - المندرة","1200211146","السيد عبد الهادي محمد",""
"1481","طيبة للصرافة","S9268700529","SP5210","رضا","زيارة","122656","","8/19/2025 12:00:00 AM","جليم ش/غبد السلام عارف","1006034825","03 / 5850856  -- 01129856602",""
"625","مرسم / محمد شاكر","S9309400404","SP 430","مجدى","زيارة","","","","سبا باشا / على البحر","","03/ 5852229",""
"1471","سنتر كيمو","S9319501678","SPC430","يحيي","زيارة","","","","عزبة حجازى","1222518467","كريم",""
"1146","اسامة العسال","S9328900673","SPC430","مجدى","زيارة","","","","مصنع توتكس","1067779417","",""
"379","سيلكت للعلامات الارشادية","S9329501089","MPC430","ايمن","زيارة","117298","255021","3/27/2023 12:00:00 AM","2 ش/ عوض الغاوي بوابة 8 العجمي","1005566431","5000 الاف نسخة",""
"1422","مكتبة القزاز","S9329600785","SPC430","شعبان","زيارة","11861","41290","1/2/2025 12:00:00 AM"," باكوس --- الضمان (5000) نسخة","1289915820","",""
"708","المدينة للمراة عيادات","S9338500743","SPC430","مجدى","زيارة","","","","","","الدكتور / هانى",""
"47","ادوية السيوف (المشترايات)","S9339500806 ش","MPC430","","ارشيف","","","","السيوف","1090718182","",""
"","المدينة للمرأة لطب الاخصاب","S9339600497","SPC430","مجدى","زيارة","","","","سموحة","","",""
"1830","مركز اللوتس الطبى","S9348501872","SPC430","شعبان","زيارة","","","","سموحة - شارع فوزى معاذ","1286217931","أ / سامح أحمد حسين",""
"879","نادى الجياد","S9909600653","SPC320","شعبان","زيارة","","","","سموحة","1275361982","ا / محمود",""
"869","سموت للمقاولات العامة","S9928900217","SPC252","رضا","زيارة","2803","13959","6/2/2024 12:00:00 AM","لوران","1224987299","ا / امانى",""
"1877","عمرو الحلوانى","S9929400838","SPC320","","زيارة","21524","7899","","","01155666748","",""
"1677","مصطفي عباس","S9929400839","SP320DN","عادل","زيارة","5471","7112","11/23/2025 12:00:00 AM","23 العقار 60 اول العامريه","1024000499","ا/ مصفي عباس",""
"116","اليسر لهياكل السيارات","S9958700473","spc320","","زيارة","","","1/27/2025 12:00:00 AM","العامرية ط الصحراوي","1204001120","03/4700057",""
"1006","احمد فتحي عبد الغفار","SP3400","SP3400","رضا","زيارة","6313","","12/18/2024 12:00:00 AM","العصافرة","1286721827","ضمان 5000 نسخة",""
"191","شركة مياه الشرب المديرالمالي","SS7314500178","mpc300","ايمن","زيارة","","","11/22/2023 12:00:00 AM","وابور المياه","","",""
"220","شركة النيل للنقل البري","T1119104074","SP4310","مجدى","زيارة","","","5/1/2026 12:00:00 AM","كرموز","1201215434","عقد صيانة شامل / تجديد ربع سنوى",""
"208","شركة الابرار للادوية","T1119105013","sp4310","اسامة","زيارة","","","1/14/2023 12:00:00 AM","الرابعة الناصرية","1211149359","",""
"124","اليكس لايف","T1119205351","Sp4310","ايمن","صيانة","","","","العجمى الهانوفيل / تجديد شهرى","","تجديد شهرى",""
"653","جمعية خريجى ابيس للتنمية","T1128664069","SP4310","اسامة","زيارة","","","","ابيس 8","1270999832","رائف جودة",""
"223","شركة النيل للنقل البري","T1128762943","SP4310","مجدى","زيارة","","","5/1/2026 12:00:00 AM","ا / محمد سمير -- كرموز","1201215434","عقد صيانة شامل / تجديد ربع سنوى",""
"368","شركة النيل للنقل البري","T1128865562","SP4310","مجدى","زيارة","48798","","1/31/2026 12:00:00 AM","ا / جمال اسماعيل -- كرموز","1201215434","عقد صيانة شامل / تجديد ربع سنوى",""
"1754","ا / شريف حسن","T1128865756","SP4310","يحيي","زيارة","","","","سموحة","1067000845","",""
"1363","شركة الصفا للنقل والشحن","T1128960182","SP 4310","طارق","زيارة","","","","المنشية 5 ش بحري بيك اللبان","1093316624","ا / هشام",""
"1052","شركة الحياة فارما","T1128960991","SP4310","مجدى","زيارة","","","","محرم بيك ش المؤمون","1278076783","01223379891",""
"646","بلو اوشن","T1128965077","SP4310","مجدى","زيارة","407441","140975","6/28/2026 12:00:00 AM","ش / النصر المنشية","1277525465","",""
"2060","جمعية الاحسان","T1129160650","4310","يحيي","زيارة","224996","","","الجاردات ابو حمص -البحيره","0120681555601063343881","ا/ فاروق المصري",""
"652","جمعية خريجى ابيس للتنمية","T1129161444","SP4310","اسامة","زيارة","","","","ابيس 8","1270999832","رائف جودة",""
"125","اليكس لايف","T1129360195","Sp4310","ايمن","صيانة","","","","العجمى الهانوفيل / تجديد شهرى","","تجديد شهرى",""
"","بيت الجملة فرع ( اللوتس )","T1129462217","SP4310","وائل","ايجار","124763","","","مدينة نصر","","",""
"1298","مكتبة زين استور","T1129462217 ش","MP4310","","ارشيف","92698","","","الابراهيميه","1272921860","فاطمه",""
"172","مكتبة المستقبل قبطان هشام","T1129562521","SP4310","شعبان","صيانة","","","1/5/2027 12:00:00 AM","سيدى بشر ش العيسوى","1222280983","",""
"1062","شركة الحياة فارما","T1129661283","SP4310","مجدى","زيارة","","","","محرم بيك ش المؤمون","1278076783","01223379891",""
"1505","الدار البيضاء للورق","T1138560661","SP4310N","يحيي","زيارة","527961","","","برج العرب","1281253742","",""
"849","مكتب طايل المحامى","T1138560786","SP4310","طارق","زيارة","","","","العصافرة","","",""
"1310","شركة الحياة فارما","T1138560788","SP 4310","كريم","زيارة","71767","","","محرم بيك ش المؤمون","1278076783","01223379891",""
"1567","ضرائب الرمل ثان","T1138560832","SP4310N","شعبان","زيارة","43832","","","السيوف","","",""
"268","الدار البيضاء للورق","T1138560861","SP4310N","يحيي","زيارة","","","9/18/2022 12:00:00 AM","برج العرب","1281253742","",""
"250","شعبان الشهر العقارى","T1138561188","SP4310","طارق","زيارة","96320","","12/23/2022 12:00:00 AM","سيوف شماعة","1155344575","",""
"1437","يونيتد انجينير2000","T1138561191","SP4310","مجدى","زيارة","","","","وادي القمر","1004604745","ا/ محمد يحي",""
"722","شركة فورس","T1139160175","SP 4310","","زيارة","","","","امام مدرية الامن القديمة","1206533662","01202228445",""
"457","شركة وود برنت المطار","T1139160420","SP4310","مجدى","زيارة","","","2/7/2025 12:00:00 AM","الموقف الجديد -- امبايرانتريور","1287144053","سامح فؤاد",""
"","بيت الجملة (شبين الكوم) ادارة الهايبر","T1139260759","SP 4310","وائل","ايجار","52832","","","المنوفية -- شبين الكوم","1211667301","م / وائل المنوفية",""
"","بيت الجملة فرع ( اللوتس )","T1139362473 ش","SP4310","","ارشيف","223698","","","مدينة نصر","","",""
"1573","المدينة للمرأة","T1139461854","SP4310","مجدى","زيارة","25222","","","سموحة","","",""
"","بيت الجملة (شبين الكوم) الامانات","T1139461861","SP4310","وائل","ايجار","71450","","","المنوفية -- شبين الكوم","1211667301","م / وائل المنوفية",""
"552","هيئة الابنية","T1139562232","SP4310","يحيي","زيارة","4960","","","المدينة الجامعية /عزبة سعد","1287914955","تم استبدال الالة بالة اخري بفرق سعر 1000 جنية",""
"1582","بيت الجملة فرع الحضرة","T1148661414","SP4310N","","زيارة","150922","","","الحضرة","","",""
"1609","مركز اللوتس الطبى","T1148663076","4310N","كريم","زيارة","","","","سموحة - شارع فوزى معاذ","1286217931","أ / سامح أحمد حسين",""
"1142","مخزن المجد فارم للادوية","T114875192","SP 4310","عادل","ايجار","130129","","","ش/ خليل حمادة - ميامى","1224717100","د / حسام الدين حشمت",""
"1507","الدار البيضاء للورق","T1148760089","SP4310N","يحيي","زيارة","155105","","","برج العرب","1281253742","",""
"709","اليكس لايف","T1148961278","SP 4310","ايمن","زيارة","26906","","10/31/2023 12:00:00 AM","","","",""
"729","مدرسة البيضة المزدوجة","T1149061018","SP 4310","اسامة","زيارة","","","","البيضة -- طريق كفر الدوار","1225944898","ا / احمد عبد اللطيف",""
"1432","شركة الغاز الطبيعى للسيارات","T1149065283","SP4310","","زيارة","268296","","","شركة الغاز الطبيعى - المطار بجوار مستشفى طلعت مصطفى","","",""
"","بيت الجملة فرع مدينتيB12","T1149067154","SP4310","وائل","ايجار","43400","","","مدينتى","","",""
"","بيت الجملة فرع مدينتي كرافيت زون","T1149163405","SP4310","وائل","ايجار","157837","","","مدينتى","","",""
"1045","سى لايف للفلاتر","T1149163430","SP4310","اسامة","زيارة","","","","","1206506066","ا / احمد علوانى",""
"782","مخزن المجد فارم للادوية","T1149260750","SP 4310","عادل","ايجار","33668","","","ش/ خليل حمادة - ميامى","1224717100","د / حسام الدين حشمت",""
"854","مصنع فوروود","T1149262757","SP 4310","طارق","زيارة","","","","العصافرة","","",""
"187","جمعية ظلال الخير","T203B100766","SPc242","كريم","زيارة","","","9/19/2022 12:00:00 AM","بجوار الشركة","1222990183","01229905450---01273422379",""
"128","اليوماكس","T223P101656","SPc242","طارق","زيارة","","","","","","",""
"738","جمعية  صناع الحياة","T223PA00458","SPC 242","شعبان","زيارة","","","","16 تنظيم غبريال شدس","1090848070","ا / ناصر",""
"1738","جولدين ستارز","T312Q700694","SP3510","مجدى","صيانة","","","8/31/2026 12:00:00 AM","عزبة سكينه خلف شركة الكهرباء العوايد","1066856507","ا/ محمد صبحي ابراهيم",""
"530","مصنع التوحيد","T313Q807973","SP 3510","مجدى","زيارة","","","","كفر الدوار","1279588593","01204344446",""
"1017","شركة ايطاليانو","T323Q750700","SP 3500","طارق","زيارة","97343","","","برج العرب -- المنطقة الصناعية الاولى","1207846332","ا / وليد",""
"25","T . M . I","T323Q900417","SP3500SF","رضا","زيارة","","","11/22/2023 12:00:00 AM","العامرية منطقة حرة","1061662570","",""
"","شركة نوسكو","T333Q502771","SP3510","رضا","زيارة","25274","","3/4/2026 12:00:00 AM","جليم","01001186090","",""
"2008","شركة نوسكو","T333QC71286","SP3510SF","رضا","زيارة","61278","","5/15/2026 12:00:00 AM","جليم --الضمان(5000)نسخة","01281368413","ا / احمد الزرقاء",""
"1969","شركة خدمات البتروال البحرية","T333QC71291","SP3510","مجدى","زيارة","63621","","4/27/2026 12:00:00 AM","البحر الاحمر","01229090091","عبد العزيز احمد",""
"394","صيدلية د/ سامح عبد الخالق","T334Q801501","SP 3510","","زيارة","31199","","","اللبان -- الضمان (5 الاف نسخة )","1223258830","",""
"841","مكتبة امون (العجمى)","T424M130052","SP 8300","ايمن","زيارة","","","2/27/2024 12:00:00 AM","العجمى / البيطاش","1116705967","ح / احمد طلعت",""
"2015","شركة احد ( الجنداش )","T424MC30046","SP8300","يحيي","زيارة","","","","خورشيد","01285919575","الجنداش",""
"963","مدرسة البيضة المزدوجة","T574HB00913","SP4510","اسامة","زيارة","","","","البيضة -- طريق كفر الدوار","1225944898","ا / احمد عبد اللطيف",""
"1109","معمل نبضه","T574HC02263","SP4510","كريم","زيارة","","","","","","",""
"384","شركة الوطنية للادوية","T576H303824","SP 4510","طارق","زيارة","79108","","1/2/2023 12:00:00 AM","","","",""
"773","مكتب طايل المحامى","T576H401360","SP4510","","زيارة","","","","العصافرة","","",""
"834","الاكاديمية ( ا / اشرف)","T576H603170","SP 4510","مجدى","زيارة","","","8/31/2026 12:00:00 AM","المنتزة","1272796901","",""
"7","سنتر القيصر","T576H701670","SP4510","","زيارة","","","","","","",""
"540","نادى الجياد (شئون قانونية)","T576H802798 ش","Sp4510","","ارشيف","","","","سموحة","1277088341","",""
"837","الاكاديمية","T576H902225","SP 4510","مجدى","صيانة","","","8/31/2026 12:00:00 AM","المنتزة","1272796901","",""
"1735","مكتب ديكور ميكاندا","T578H203817","SP4510","مجدى","زيارة","17848","47149","","ش الظاهر محرم بيك","1289897393","033959500 مينا سامى",""
"583","الاكاديمية رعاية الشباب","T578H706278","SP4510","مجدى","صيانة","31056","","8/31/2026 12:00:00 AM","المنتزة","1272796901","",""
"1046","سى لايف للفلاتر","T578H806933","SP4510","اسامة","زيارة","266745","","","","","",""
"1453","مدرسة الشهيد وليد صبحى","T596H100088","SP4510","يحيي","زيارة","","","","","","",""
"1858","قرية الصفا","T596H100099","SP4510","كريم","زيارة","","","","الكيلو 44","01225577837","ا / متولى عطية",""
"207","شركة اسكندرية أوتوموتور","T596H100129","SP4510","يحيي","زيارة","","","","سان استيفانوا","","",""
"1121","شركة انابيب البترول","T596HB00220 ش","SP4510SF","","ارشيف","12682","","6/30/2026 12:00:00 AM","مرغم","","",""
"1552","شركة انابيب البترول","T596HB00479 ش","SP4510SF","","ارشيف","25001","","6/30/2026 12:00:00 AM","مرغم","","",""
"1201","ا/عبادى سعيد المحامى","T596HB00808","SP4510","رضا","زيارة","","","7/5/2025 12:00:00 AM","حجر النواتيه3 اشهر 5000 نسخه","1284410101","",""
"650","ا / يسرا (ام يوسف)","T597H302855","SP4510","يحيي","زيارة","88887","","","بجوار منزل تمام","1550244445","تم دفع 1000 جنية من ثمن الالة وباقى 3000 جنية",""
"1376","مدرسة المحور8","T597H303127","SP4510","كريم","زيارة","183709","","8/12/2024 12:00:00 AM","حجر النوتية -- الضمان (5000) نسخة","1117133167","ا/ احمد الجرحي",""
"1490","ميناء الأسكندرية","T597H401667","SP4510","رضا","زيارة","111801","","9/18/2025 12:00:00 AM","داخل ميناء إسكندرية ضمان 3 أشهر5000 نسخة","","أ/ يحيى حسنى",""
"919","احمد شوقى","T597HB00621","SP4510","","زيارة","53600","","","","","",""
"665","مستشفى جمال حمادة (مكتب المديرة)","T597HC00667","MP4510","ياسين","ارشيف","72587","","","كرموز --  ( مكتب سكرتارية المدير)","1202050234","ا / وائل  الشوادفى ( مكتب سكرتارية المدير)",""
"1967","شركة اتركس للصناعات الدوائية","T605HC01849","SP401","شعبان","زيارة","105894","","2/27/2026 12:00:00 AM","سموحة ش / المرور عمارات جرين طورز--الضمان(1000)نسخة","01287874771","سلطان",""
"1081","اسلام طارق","T606H102274","SP4510","رضا","زيارة","76495","","4/28/2025 12:00:00 AM","امنطقه الحرة ضمان 3 اشهر 5000 نسخه","1010132886","اسلام العامريه",""
"1765","مدرسة عقبة بن نافع","T615HC00315","MP3600","كريم","زيارة","13236","","","طوسون","1227151941","الالة مباعة جملة",""
"1791","ا / احمد مدحت","T625H100148","MP3600","يحيي","زيارة","","","","","1141333335","",""
"1454","احمد عبد الرحيم","T626H100314","SP3610","يحيي","زيارة","","","","","1050003479","",""
"1541","شركة المدينة المنورة","T635H201236","SP3600","مجدى","زيارة","","","","","","",""
"873","الاكاديمية مكتب الشئون العاملين","T637H301969","SP 3600","مجدى","صيانة","882","","8/31/2026 12:00:00 AM","المنتزة","1272796901","",""
"65","ا / دعاء كرموز","T637H302212","SP3600","السيد","زيارة","","","","شارع النيل / كرموز","1205004490","",""
"210","شركة الشوري","V0314100003","MPC3001","طارق","زيارة","","","12/31/2022 12:00:00 AM","برج العرب","1143909550","",""
"455","مدرسة الرحمن (الخاصة)","V0880400000","pro 906","رحيم","زيارة","","","","سيدى بشر قبلى","1150180350","",""
"1601","مبرة البكاتوشى","V105Z13675","FS4300","كريم","زيارة","30411","","","حجر النواتية","1061800956","أستبدال ودفع 2250",""
"438","مكتبة الحمد ( احمد سيف)","V1302900629","MPC4000","شعبان","زيارة","116887","260772","","ارض المفتى","1208834008","",""
"801","الشركة المتحدة للاسكان والتعمير","V1403700974","MPC 2800","مجدى","زيارة","","","","المنشية","1001994190","01550441983",""
"687","هانى ارك جروب","V1403800506","MPC 2800","مجدى","زيارة","","","","باكوس","1223630189","",""
"615","شركة الفريدة","V1403900164","MPC2800","شعبان","زيارة","","","10/6/2025 12:00:00 AM","سيدى بشر بجوار جزارة الثورة","1155561109","تبع م / رضا القدس",""
"66","الاكاديمية (الكنترول الرئيسي)","V1404000378","mpc2800","مجدى","صيانة","","","8/31/2026 12:00:00 AM","المنتزة","1272796901","",""
"819","شركة راغبكو","V1404002443","MPC 2800","شعبان","زيارة","","","","","","",""
"262","ماريا مدحت","V1404100589","mpc2800","","زيارة","416444","35100","8/21/2022 12:00:00 AM","ش/العلافين","1276972560","01274130143",""
"175","جيفت اند مور","V1404100821","Mpc2800","مجدى","زيارة","","","8/19/2022 12:00:00 AM","سموحة  ش / النصر","1001005111","",""
"412","محمد ارك جروب","V1404102373","MPC 2800","مجدى","زيارة","","","","جليم ش / الازاعة","1223630185","",""
"766","محمد ارك جروب","V1404202619","MPC 2800","مجدى","زيارة","960849","350777","3/8/2024 12:00:00 AM","جليم ش / الازاعة -- الضمان (10000) نسخة","1223630185","03 / 5826822",""
"630","محمد ارك جروب","V1404401434","MPC2800","مجدى","زيارة","455488","207209","12/15/2023 12:00:00 AM","جليم ش / الازاعة -- الضمان (10000) نسخة","1223630185","",""
"348","شركة ناتورا","V1404401738","MPC2800","طارق","زيارة","","","","طريق العامرية امام الامن المركزي","1014010960","اللواء ياسر(01066810667)",""
"445","مركز الفتح  صبري","V1404503400","MPC2800","يوسف","زيارة","736880","425318","","","1554977755","01026824821",""
"397","هانى ارك جروب","V1404600129","MPC 2800","مجدى","زيارة","","","","باكوس","1223630189","",""
"82","الحصرى","V1404604979","Mpc2800","شعبان","زيارة","","","10/23/2022 12:00:00 AM","ابو سليمان","1202738364","",""
"231","مكتبة العمدة ابو سليمان","V1409533107","mpc2800","شعبان","زيارة","261860","76342","1/2/2023 12:00:00 AM","ابو سليمان","1285580314","",""
"232","مجزر جالى","V1484701829","MP2800","","زيارة","","","","ابيس 2 الحسينية","","",""
"894","مدرسة الشهيد احمد عباس","V1484703727","MPC2800","شعبان","زيارة","","","","لوران","1272732225","ا / امل سمير",""
"361","سنتر برلانت","V1484801102","MPC 2800","طارق","زيارة","","","5/5/2024 12:00:00 AM"," بجوار معهد محمد حسن","1287740390","",""
"813","مصطفى دربالة ( المهندس)","V1493700845 ش","MPC2800","","ارشيف","","","","سيدى بشر / دربالة","1229292048","",""
"752","مكتبة الازاعة","V1493900669","MPC2800","رضا","ايجار","112867","190327","","باكوس / شارع الازاعة","1275720797","ا / وليد",""
"647","المنشاوى الكينج","V1493901616","MPC2800","طارق","زيارة","220218","108649","3/1/2024 12:00:00 AM","الكينج","1221266804","الالة مباعة بالقسط يحصل 1000 جنية كل اول شهر على 8 شهور",""
"1441","مكتبة العربى","V1494200977 ش","MPC3300","","ارشيف","","","","","1006584568","",""
"236","سنتر ابو حبيبة","V1494200985 ش","Mpc 2800","","ارشيف","","","12/31/2026 12:00:00 AM","ش النصر سموحة","1112759690","",""
"415","محمد ارك جروب","V1494201232","MPC 2800","يوسف","زيارة","","","","جليم ش / الازاعة","1223630185","",""
"631","مكتبة المصطفى","V1494400803","MPC2800","رحيم","زيارة","","","","كوبرى الناموس بجوار برلانت","1226598114","",""
"1095","مطبعة الولاء","V1494400939","MPC2800","مجدى","زيارة","95642","151076","","الحضرة / بجوار قهوة حسان","1111190791","01221855250",""
"237","اليكس مارين كريم الشيخ","V1494500080 ش","mpc2800","","ارشيف","","","8/12/2026 12:00:00 AM","ش / النصر المنشية","1004008793","03/4869684",""
"239","براديس مارين","V1494600489","mpc3300","مجدى","صيانة","","","5/26/2027 12:00:00 AM","ابيس","1115554218","",""
"241","حضانة جانجل كيدز","V1503800392","mpc3300","طارق","زيارة","","","","الفلكى","","",""
"243","شركة الطراوي","V1503800749","mpc3300","مجدى","زيارة","","","5/17/2024 12:00:00 AM","سموحة / بجوار نادى النصر","1287973631","03/4205771----03 /4205772",""
"1559","علاء مطبعة الاخوة","V1504400438 ش","MP3300","","ارشيف","","","","بجوار الشركة","1223018902","",""
"1895","مكتبة البراء","V1594101159 ش","MPC3300","","ارشيف","","","","المنشية وكالة الليمون","01277225045","دعاء حمادة",""
"2083","مكتبة السعد","V1594101159 شش","MPC3300","","","327217","216614","","حجر النواتية","1273241020","",""
"","مدرسة حسين كامل بهاء الدين","V1P5915196","P-4030DN","","زيارة","39049","","","كوبرى الناموس","01223047801","ا / ندى الفقى",""
"2178","شركة فلوكيجر","V1U5Z13683","KY4300DN","مجدى","صيانة","","","4/1/2027 12:00:00 AM","بعد الموقف الجديد","1154042556","01278642080 -ا/ محمد الدسوقي",""
"2133","شركة فلوكيجر","V1U6315815","KY4300DN","مجدى","ضمان","","","4/1/2027 12:00:00 AM","بعد الموقف الجديد","1154042556","01278642080 -ا/ محمد الدسوقي",""
"1404","عم صلاح","V2203700200","MPC2050","يحيي","زيارة","491975","135607","","مطروح","","",""
"806","مكتبة الاهرام ( انجى)","V2203700216","MPC2050","شعبان","زيارة","","","","ارض محمد اسماعيل","1274649613","",""
"248","شركة مياه الشرب 6 اكتوبر","V2203704709","mbc2050","ايمن","زيارة","","","11/22/2023 12:00:00 AM","العجمى 6 اكتوبر","","",""
"1372","مكتبة مصطقى","V2203802580","MPC2050","شعبان","زيارة","37060","199201","10/25/2025 12:00:00 AM","بجوار الشركة","1224236042","",""
"889","مكتبة عباد الرحمن","V2203902602","MPC2050","طارق","زيارة","","","","البكاتوشي","1026139021","ا / سارة",""
"699","المكتب الاستشارى FbS(هيبة)","V2204003291","MPC2051","شعبان","زيارة","","","","سيدى بشر -- ش/ على هيبة","1096083024","ا/ محمد حامد",""
"784","ا / صلاح السوسانى","V2204102558","MPC2050","شعبان","زيارة","","","","الحضرة","1273223440","",""
"2121","المينا اكسترا","V2204200982","MPC2050","شعبان","زيارة","","","","فلمنج بجوار ازبيلا","01025975400","ا / عوض",""
"489","سنتر برافو","V2204204949","MPC 2050","رضا","زيارة","","","","جليم ش /الازاعة","1279696971","",""
"398","العامرية للغزل والنسيج","V2204302180","MPC2050","عادل","زيارة","208250","68773","","النهضة / العامرية -- سكرتارية المدير","","",""
"1219","مكتبة فنون","V2204302669","MP2050","مجدى","زيارة","","","","","1142870802","",""
"1655","تيكان للانشاءات","V2204601720","MPC2050","مجدى","صيانة","","","8/12/2026 12:00:00 AM","دلتا لايف -- سموحة","1141144488","على محمد",""
"759","مركز البركة","V2204603721","MPC 2050","شعبان","زيارة","","","","العوايد  ش / ال 500 الرئيسى","1003100176","ا / جهاد (01021629086)",""
"799","الشركة الدولية ( البنجر)","V2204603726","MPC 2050","رضا","زيارة","359050","57842","3/25/2024 12:00:00 AM","بنجر السكر القديم 2","1110370285","ا / محمد حافظ",""
"1222","ايليت الطبية","V2204604322","MPC2050","شعبان","زيارة","","","","الطريق الدائرى قبل كارفور","01146766691","احمد عزت",""
"1345","احمد تربية نوعية","V2204700516","MPC2050","شعبان","زيارة","","","","بجوار كليية التربية النوعية","1280606089","",""
"878","مدرسة براعم الكمال","V2204702116 ش","MPC2050","","ارشيف","","","","عزبة محسن","1224000862","ا / هشام",""
"1476","ميروزا للأستثمار العقارى","V2204702977","MPC 2050","مجدى","زيارة","257559","80797","","ميدان فيكتورعمانويل عمارة كنتاكي الدور الرابع","1281694501","",""
"1896","عميل ابيس مشروع ناصر","V2204704120","MPC2050","شعبان","زيارة","","","","مشروع ناصر","","",""
"344","مدرسة المكس (ميس نانة)","V2284600654","MPC2050","ايمن","زيارة","","","","المكس","","",""
"1365","استوديو فلاش","V2294102133","MPC 2050","اسامة","زيارة","","","","شارع فؤاد","","",""
"701","جمعية الخضار والفاكهة","V2294203432","MPC2051","رضا","زيارة","34218","65145","2/9/2024 12:00:00 AM","باكوس / الوكالة  -- الضمان (10000) نسخة","1002800556","الجمعية التعاونية الزراعية لتسويق الخضار والفاكهة بالاسكندرية",""
"253","شركة مياه الابراهيمية","V2294501177","MPc2050","شعبان","زيارة","","","11/22/2024 12:00:00 AM","تم نقل الالة فرع ( كوم الدكة )","","تم نقل الالة من فرع الابراهيمية الي الفرع الرئيسي كوم الدكة",""
"256","شركة مياه الشرب المندرة","V2294501322","MPc2050","شعبان","صيانة","","","11/22/2026 12:00:00 AM","المندرة","1066363586","ا/ عبد المنعم",""
"257","شركة مياه الشرب (الجهاز المركزى)","V2294503125","mbc2050","ايمن","زيارة","","","11/22/2023 12:00:00 AM","شارع فؤاد","","",""
"258","شركة مياه الشرب محرم بك","V2294602212","mpc2050","رضا","زيارة","","","11/22/2024 12:00:00 AM","تم نقل الاله كوم الدكه (الفرع الرئيسي)","1286293531","",""
"829","كلية اقتصاد ( المخزن )","V2294602470","MPC 2050","شعبان","زيارة","","","","الحضرة / عزبة سعد","","",""
"2012","شركة الخليج العربى","V2294803837","MPC2050","شعبان","زيارة","","","","الطريق الدائرى","01117789937","تبع رضا القدس",""
"2050","ام سجدة","V2403700100","MPC2050","رضا","زيارة","355502","161222","","بجوار الشركة","","",""
"1108","ايليت الطبية","V2403700100 ش","MPC2050","","ارشيف","","","","الطريق الدائرى قبل كارفور","01146766691","احمد عزت",""
"884","سنترال الملاح","V2403800124","MPC2050","طارق","زيارة","266662","86808","6/10/2024 12:00:00 AM","باب 10 الميناء --  الضمان(10000) نسخة","1283454751","ا / احمد محمد خميس",""
"1347","شركة سمارت لينك","V2404000262","MPC2050","ايمن","زيارة","","","","بجوار فندق امون","","تبع م / ايمن ابو زيد",""
"757","سيبر السلام (جانكليس)","V2404300223","MPC 2050","شعبان","زيارة","","","","جانكليس خلف سنترال الفتح","1559991826","",""
"1225","مكتبة شاكر","V2404400511 ش","MPC2050","","ارشيف","109041","62527","","بجوار الشركة","1275248552","",""
"259","مكتب ا/ حسن زهدي","V2404600206","mpc2550","ايمن","صيانة","","","1/1/2024 12:00:00 AM","","","",""
"260","مكتبة العمدة كوبرى الناموس","V2409487026","mpc2050","شعبان","زيارة","","","","كوبري الناموس شارع المواسير","1226414250","1285580314",""
"434","الواحة","V2484600348","MPC2050","","زيارة","155443","206993","1/2/2023 12:00:00 AM","كوبري الناموس بجوار نعيم اللبان","1208424240","الالة مباعة بدون ضمان",""
"432","مكتب ا/ محمد عبد الحليم","V2494700196","MPc2550","ايمن","صيانة","","","1/1/2024 12:00:00 AM","المنشية ش النصر","","",""
"551","شركة  A S K","V3Y4400939","KY4035","رضا","زيارة","","","","المنطقة الحرة","","تبع م/ رضا القدس",""
"1747","جولدين ستارز","V3Y7425307","KY4035I","مجدى","صيانة","","","8/31/2026 12:00:00 AM","عزبة سكينه خلف شركة الكهرباء العوايد","1066856507","ا/ محمد صبحي ابراهيم",""
"1705","جولدين ستارز HR","V3Z5Z03954","KY5035I","مجدى","صيانة","","","8/31/2026 12:00:00 AM","عزبة سكينه خلف شركة الكهرباء العوايد","1066856507","ا/ محمد صبحي ابراهيم",""
"32","T . M . I","V3Z6505828","Ky5035","رضا","زيارة","","","11/22/2023 12:00:00 AM","العامرية منطقة حرة","","",""
"460","مكتبة زهوة","V3Z6X07643","KY5035","رضا","زيارة","","","12/25/2023 12:00:00 AM","تعاونات سموحة - بجوار خير زمان","1229939977","مالتى",""
"63","مكتبة زهوة","V415X00471","KY6035","رضا","زيارة","","","12/25/2023 12:00:00 AM","تعاونات سموحة - بجوار خير زمان","1229939977","مالتى",""
"421","محمد صابر ( قسم الرمل)","V4209101578","MP 171","شعبان","زيارة","","","","البشبشا","1275429535","",""
"797","محمد صابر ( قسم الرمل)","V4228900093","MP 201","يحيي","زيارة","","","","البشبشا","1275429535","",""
"820","عيدة فاروق (ام فهد)","V4299400555","MP171","رضا","زيارة","101030","","4/11/2024 12:00:00 AM","المينا -- باب 22","1202004297","تحصيل اقساط الالة يوم 11 من كل شهر 500 جنية",""
"1447","ام السيد ( عبد القادر)","V4299500582","MP 171","السيد","زيارة","","","","مدخل عبد القادر-- العامرية","1225067227","",""
"","بيت الجملة (شبين الكوم) مخزن2","V4408703286","MP171","وائل","ايجار","210119","","","المنوفية -- شبين الكوم","1211667301","م / وائل المنوفية",""
"72","الاكاديمية مجلس الادارة","V4408906596 ش","MP 171","","ارشيف","","","8/31/2026 12:00:00 AM","المنتزة","1272796901","",""
"1388","بيت الجملة (شبين الكوم)","V4409004301 ش","MP161","","ارشيف","128336","","","المنوفية -- شبين الكوم ( الجديدة )","1211667301","م / وائل المنوفية",""
"618","مصنع التوحيد","V4409007305","MP161","مجدى","زيارة","","","","كفر الدوار","1279588593","01204344446",""
"926","ا / السيد احمد","V4409012315","MP161","يحيي","زيارة","","","","محرم بيك -- بالمنزل","1201331883","",""
"","بيت الجملة فرع العبور","V4409012411","MP201","وائل","ايجار","94733","","","العبور","","",""
"940","ترى فارما للادوية","V4409104845","MP171","مصطفى","زيارة","","","","ش ابو سليمان","1220202473","ا / احمد فتح الله",""
"1358","مستشفى اليكس ( المخازن )","V4409106232","MP 171","شعبان","زيارة","","","","","","",""
"740","نادى الاطباء","V4409111580","MP 171","شعبان","زيارة","","","","سبا باشا  - على البحر","1281445104","ا / محمد جابر",""
"571","ا / سومة","V4409206160","MP 171","شعبان","زيارة","","","","ونجت","1288611026","",""
"1904","مدرسة ارض العوايد","V4409208436","MP201","يحيي","زيارة","","","","","","",""
"507","نادى النصر(مكتب المدير)","V4409209095","MP161","رضا","زيارة","","","1/21/2024 12:00:00 AM","سموحة / بجوار مسجد قباء","1005236735","01200448301(عصام نور القمر)",""
"","بيت الجملة فرع محرم بك (المخازن)","V4409210304 ش","MP171","","ارشيف","69058","","","محرم بك","","",""
"1059","ا / هشام الصعيدى","V4409218387","MP 171","شعبان","زيارة","","","","الراس السوداء","1224327430","",""
"502","كلية اقتصاد (شئون عاملين)","V4409303070","MP161","شعبان","زيارة","","","","الحضرة / عزبة سعد","1278676725","ا/ احمد مرسي",""
"","بيت الجملة فرع مدينتي كرافيت زون","V4409304069","MP171","وائل","ايجار","178792","","","مدينتى","","",""
"272","مروة امين ( ام يحيي)","V4409304334","MP201","طارق","زيارة","","","7/3/2022 12:00:00 AM","باب 10 الميناء","1011652143","01222965573 -- 01559222895",""
"","بيت الجملة فرع سموحة (الدرك ستور) 1","V4409304334 ش","MP201","","ارشيف","222323","","","سموحة","","",""
"704","ا / محمد عزب","V4409307636","MP 161","شعبان","زيارة","","","","سيدي بشر ارض الفضالي","1284999570","",""
"887","اسلام صبحى","V4409308118","MP171","يحيي","زيارة","142806","","","","","",""
"1019","مصنع دروز","V4410061506","MP305","رضا","زيارة","144273","","","مصطفى","1288859333","",""
"1750","احمد فتحى المحامى","V4489601474","MP161","حسام","زيارة","","","","المنشية","1117713867","",""
"352","مركز الفريد","V4498500106","MP171","يوسف","زيارة","","","","ش/صلاح الدين كوبري الناموس","1273415452","",""
"916","مركز ابداع (باكوس)","V4498702079","MP171","وسام","زيارة","","","","باكوس","1282669713","",""
"211","شركة الطراوي","V4498702503","mp201","مجدى","زيارة","","","5/17/2024 12:00:00 AM","سموحة / بجوار نادى النصر","1287973631","03/4205771----03 /4205772",""
"2013","شركة الورق","V4498900301","MP201","شعبان","زيارة","","","","الطريق الدائرى","01283025277","هشام",""
"642","مستشفى جمال حمادة","V4499100226","MP 201","معتز","ارشيف","260320","","","كرموز","1202050234","ا / وائل  الشوادفى",""
"959","كلية الاداب","V4499300013","MP 171","اسامة","زيارة","","","","جامعة دمنهور","","",""
"1656","تيكان للانشاءات","V4499305268","MP171","مجدى","صيانة","","","8/12/2026 12:00:00 AM","دلتا لايف -- سموحة","1141144488","على محمد",""
"484","نادى النصر","V4499404466","mp 171","شعبان","زيارة","","","","سموحة / بجوار مسجد قباء","1033503001","",""
"1265","نقابة السياحة والفنادق","V4499510646","MP171","شعبان","زيارة","","","","سموحة","1224448811","ا / مجدى",""
"1816","ا / محمد فتحى (  المحامى )","V5U6714217","KY6035C","كريم","زيارة","","","","كوبرى الناموس","1277688717","",""
"","بيت الجملة فرع 10","V5U7420541 ش","KY6035Cdn","","ارشيف","9185","32448","","برنترالجمل","","",""
"","بيت الجملة فرع ارض المعارض عين شمس","V5U7621306","KY6035Cdn","وائل","ايجار","28182","202898","","برنترالجمل","","",""
"2039","الاميرة للملابس الجاهزة","V675Y04091","KY6530Cd","عادل","ضمان","1906","4395","9/9/2026 12:00:00 AM","عبد القادر بجوار توكيل تيوتا","01200494990","01201891179",""
"2032","مدرسة جمعية سيدى جابر","V6902600313","MP6100","شعبان","زيارة","","","","","","",""
"474","مكتبة الشقيقان","V6912500348","MP6001","رحيم","زيارة","","","","ش/ نزلة ابو سعد","1009661524","تم نقل الالة الى برج العرب",""
"648","مكتبة المدينة المنورة","V6993000318","MP6001","","زيارة","","","6/24/2024 12:00:00 AM","ش / 20 شارع مجمع المدارس","1150091688","ا/ مصطفى",""
"2031","بيت الجملة فرع الحديد والصلب","V6A6603754","KYM6035CI","السيد","ايجار","31125","12254","","الدخيلة","","",""
"","بيت الجملة (شبين الكوم) التسويق","V756205746","KY306CI","وائل","ايجار","","","","المنوفية -- شبين الكوم","1211667301","م / وائل المنوفية",""
"743","مطبعة اسكندرية","V7600800692","MPC 7501","رحيم","زيارة","","","","ش / الملك حفنى -- بجوار قرية بلبع","1001465797","ح / نبيل",""
"520","مكتبة القزاز","V7610900773","MPC6501","رحيم","زيارة","","","","باكوس","1289915820","",""
"294","مدرسة الصفوة","V7611100415","mpc6501","ايمن","صيانة","","","10/1/2023 12:00:00 AM","العجمى ك 21","","",""
"314","مدرسة الميريدين","v7701000217","mbc7501","ايمن","صيانة","","","10/1/2023 12:00:00 AM","العجمى الهانوفيل","","",""
"316","مدرسة النخبة","V7711100126","mpc7501","ايمن","صيانة","","","10/1/2023 12:00:00 AM","العجمى الهانوفيل","","",""
"230","شركة مياه الشرب المطبعة","V7720830016","MPC6501","رضا","زيارة","","","11/22/2023 12:00:00 AM","وابور المياه","","",""
"431","شركة مياه الشرب المطبعة","V7720930018","MPC7501","رضا","زيارة","","","11/22/2023 12:00:00 AM","وابور المياه","","",""
"1262","مكتبة عجمستا","V7902800502","MP4001","شعبان","زيارة","293841","","2/9/2025 12:00:00 AM","باكوس -- بجوار القزاز","1287408996","",""
"1323","شركة المهند للمقاولات","V7902800637","MP4001","شعبان","زيارة","","","","سموحة -- 8 ش/ توت عنخ امون","1224042432","ا / عبد القادر",""
"275","صن جروب (الاقصي للبلاستيك)","V7902900227","MP4001","شعبان","زيارة","116017","","2/18/2023 12:00:00 AM","الرابعة الناصرية","1095122191","الضمان(30000) نسخة  ا/ محمد حافظ",""
"641","البيسى","V7902900279","MP4000","رحيم","زيارة","","","","الحضرة","","تبع م / رضا القدس",""
"279","محمد كريم  المطبعة اللغات","V7902901140","mp5000","ايمن","زيارة","","","","سموحه","","",""
"276","مصنع نجم للملابس","V7903400490","Mp4000","شعبان","صيانة","","","3/28/2027 12:00:00 AM","الحضرة الجديدة","1221260660","01200089947",""
"938","مصنع البلاستيك","V7903400508","MP4001","شعبان","زيارة","","","","الساعة -- فيكتوريا","1206864251","ا / كريم",""
"1084","شركة جرين فالى (البنجر)","V7905800315","MP4001","عادل","ايجار","1988772","","","البنجر","1555952228","ا / رامى",""
"636","مصطفى دربالة ( المهندس)","V7905800315 ش","MP5001","","ارشيف","","","9/19/2026 12:00:00 AM","سيدى بشر / دربالة","1229292048","",""
"1840","شركة ثرى استار","V7912600033","MP4001","عادل","زيارة","852702","","","المنطقة الحرة","1287900977","ا/ عمرو",""
"264","عم خليل الميناء","V7912600553","MP4001","ايمن","صيانة","","","","الميناء","1221112287","",""
"1103","ا/ مجمد محمود","V791266636","MP4001","شعبان","زيارة","","","","","","",""
"","شركة الخليج","V7913000679","MP4000","كريم","زيارة","","","","سموحة","01127461399","",""
"265","مكتبة نور","V7913100397","MP4001","طارق","زيارة","","","1/18/2023 12:00:00 AM","شارع النصر /جرين بلازا","1097461275","03/4043781",""
"301","مدرسة الضوي 1","V7913200528","mp4001","ايمن","صيانة","","","10/1/2023 12:00:00 AM","العجمى الهانوفيل","","",""
"444","مكتبة الرضا الحديثة","V7913200772","MP4001","شعبان","زيارة","97604","","6/12/2023 12:00:00 AM","بجوار الشركة","1208666062","باقي حساب الالة 7500 جنية",""
"206","سنتر برلانت","V7913300584","mp 4001","طارق","زيارة","","","5/5/2024 12:00:00 AM"," بجوار معهد محمد حسن","1287740390","",""
"1947","مكتبة لوران","V7913300804 ش","MP4000","","ارشيف","","","","دمنهور ش / المحافظة","01095322258","ام احمد",""
"363","مكتبة المحروسة","V79133011","MP4001","شعبان","زيارة","","","","بجوار الشرطة العسكرية","1558590133","V7903101063 الكونتروال القديم",""
"490","مكتبة الادهم","V7913600408","MP4001","شعبان","زيارة","267113","","2/27/2024 12:00:00 AM","سيدى بشر بحرى ش/ على هيبة","1222811461","01094357185",""
"287","مدرسة الامل","V7915201976","mp5001","شعبان","صيانة","","","12/20/2026 12:00:00 AM","الفلكى / عزبة زقزوق","1066736343","01226347592",""
"254","شعبان الشهر العقاري","V7922500229","mp4001","طارق","زيارة","","","","الفلكى","1155344575","",""
"","بيت الجملة المعادى 2","V796200597 ش","KY406C","","ارشيف","57291","114127","","المعادى 2","","",""
"","بيت الجملة فرع اكتوبر سيلفر مول الجديد","V796Z01365","KY406C","وائل","ايجار","350794","71611","","فرع اكتوبر","","",""
"1842","ابناء الشناوي","V797Y04435","KY406CI","كريم","زيارة","142633","40178","","تبع رضا القدس الكيلو 21","","",""
"","بيت الجملة فرع MAF","V797Y04448","KY406CI","وائل","ايجار","350966","141809","","ماف -- مالتى","","",""
"2224","يوسف محمد عبد العزيز","V798405463","KY406CI","عادل","ضمان","34681","229340","11/3/2026 12:00:00 AM","البحيرة -- كفر الدوار","01062736103","",""
"2191","مركز شباب السيوف","V7C7307975","KY356CI","شعبان","ضمان","80403","70141","1/13/2027 12:00:00 AM","السيوف الاسكان الصناعى --الضمان(5000)نسخة","01284434829","احمد",""
"2155","ا / احمد ثابت (المأزون الشرعى)","V7C7408378","KY356CI","عادل","ضمان","108124","77390","9/21/2026 12:00:00 AM","بجوار الشركة","","",""
"1720","نيو جرين فارم","V7C8516613","KY356CI","عادل","زيارة","42671","6199","3/15/2026 12:00:00 AM","الدخيلة --الضمان(5000)نسخة","","ح / احمد",""
"","بيت الجملة فرع ( اللوتس )","V7C8Y19343","KY356C","وائل","ايجار","17331","16975","","مدينة نصر","","",""
"","كابتن وليد الطحان","V7C9120121","KY356CI","عادل","ضمان","159438","8463","9/23/2026 12:00:00 AM","الحضرة -- الضمان (5000) نسخة","","",""
"2186","مدرسة الصالحية الابتدائية","V7C9321569","KY356CI","شعبان","ضمان","33045","48263","1/12/2027 12:00:00 AM","بجوار كوبرى الناموس","01228634835","حافظ محمد عبد النعم ياقوت",""
"1866","مكتبة القزاز","V7C932165","KY356CI","رضا","زيارة","","","","باكوس","1289915820","",""
"","بيت الجملة التجمع الخامس التسويق","V7C9422226","KY356CI","وائل","ايجار","57917","40362","","الجولف","","",""
"","بيت الجملة فرع الجولف التسويق","V7F6Z05765","KY300CI","وائل","ايجار","104626","8542","","التجمع الخامس","","",""
"1558","مكتبة عبودى","V8002500131","","شعبان","زيارة","1128475","","","","","تم تغيير الشاسيه",""
"499","مكتبة زكى","V8002900378","MP5001","طارق","زيارة","","","","المطار","1204419940","",""
"835","مكتبة علوانى","V800300203","MP 5001","شعبان","زيارة","","","","شارع السينما -- باكوس","1272515394","",""
"1735","شركة هاى فريت ماستر","V8003300494","MP4000","مجدى","زيارة","","","","محطة الرمل","1285458111","ا / عماد وحيد",""
"296","مدرسة الصفوة","V8005401288","MP5001","ايمن","صيانة","","","10/1/2023 12:00:00 AM","العجمى ك 21","","",""
"908","شركة USC Log","V8012500143","MP5001","وسام","زيارة","","","","","","",""
"768","مكتبة منارة العلم","V8013100139","MP 5001","شعبان","زيارة","1643695","","12/9/2023 12:00:00 AM","غبريال / خلف السكة الحديد -- الضمان ( 5000) نسخة","1288386593","03 / 5023605",""
"1650","ا / محمد شوقى","V8013400187","MP5001","شعبان","زيارة","","","","العوايد عزبة محسن","1274630766","",""
"654","مكتبة افق","V8013400406","MP5001","شعبان","زيارة","","","2/28/2025 12:00:00 AM","طوسون بجوار مزلقان البحرية","1091639965","01285497070",""
"620","فادى سجلات الدخيلة","V8015001194","MP4000","يوسف","زيارة","","","","الدخيلة","1002271483","",""
"1603","مكتبة عبودى","V8022500181","5001","شعبان","زيارة","267179","","","الحضرة","1204376300","حمدى عبد الغفار",""
"1706","مدرسة ملك حفنى","V8203700601","MP1022","شعبان","زيارة","","","","","","",""
"1488","شركة ثرى استار","V8203800228","MP2851","عادل","ايجار","172399","","","المنطقة الحرة","1287900977","ا/ عمرو",""
"289","الصواف","v8203800309","mp2851","مجدى","زيارة","","","7/1/2023 12:00:00 AM","المنشية بجوار السنترال","1272364807","",""
"1614","المهندسون المتحدون","V8203800894","2851","كريم","زيارة","209823","","","داخل الجامعة الأهلية بكبرى الناموس","1287351191","م/ أحمد على",""
"972","مكتبة الريادة","V8203900489","MP3350","طارق","زيارة","","","","الورديان","1021652255","",""
"","علي امبروزو سجل محرم","V8204100745","MP2851","شعبان","زيارة","547325","","","امبروزو","1271840522","",""
"131","ا/ امنية محمود الميناء","V8204100745 ش","MP2851","","ارشيف","","","","الميناء / باب 14","1274223135","",""
"392","نادى الهلال","V8204101834","MP 2851","طارق","زيارة","","","","باكوس","1282646989","01270965960",""
"749","الحراريات (مشتريات خارجية)","V8204201278","MP2851","شعبان","صيانة","262993","","1/31/2027 12:00:00 AM","الحضرة","1200155670","تجديد سنوي تلقائى",""
"877","مدرسة شيبوب (صباحى)","V8204301333","MP2550","اسامة","زيارة","","","","المعمورة","1503736664","01008835755",""
"27","اليكس لايف","V8204500793","mp2851","ايمن","صيانة","","","","العجمى الهانوفيل / تجديد شهرى","","تجديد شهرى",""
"2063","مكتبة شاكر","V8204501286","MP2851","شعبان","ايجار","428773","","","بجوار الشركة","1275248552","",""
"770","مكتبة اشرف (بولينو)","V8204501534","MP 2852","شعبان","زيارة","","","","40 ش / بولينو","","03 / 3938075",""
"1728","احمد جيمى المدرية القديمة","V8204502012 ش","MP3325","","ارشيف","267567","","","المديرية القديمة","01553588828","",""
"735","مطبعة اسكندرية","V8204600616","MP 2851","رحيم","زيارة","","","","ش / الملك حفنى -- بجوار قرية بلبع","1001465797","ح / نبيل",""
"790","ح / سيد عمران ( الميناء )","V8204701812","MP 2851","ايمن","زيارة","662051","","","داخل الميناء","1227747353","",""
"703","ا / نسرين ( بندق)","V8204800851","MP2851","ايمن","صيانة","491970","","2/7/2024 12:00:00 AM","المينا -- الضمان (10000) نسخة","","تم دفع 7000 جنية وباقي 5000 جنية  واول قسط شهر 10/2023",""
"644","نور الاسلام (الملاحة)","V8213701120","MP2851","طارق","زيارة","","","8/31/2024 12:00:00 AM","المندرة الملاحة","1006762570","ح / مصطفى",""
"1099","مصطفى البكاتوشى","V8213800000","MP2852","شعبان","زيارة","","","","","","",""
"1794","مدرسة البكاتوشى","V8213900921","MP1022","شعبان","زيارة","","","","حجر النواتية","","",""
"22","مباحث الميناء (القسم القديم)","v8213901348","mp2851","ايمن","زيارة","","","","الميناء","","",""
"1592","محل فواز","V8214101036","","السيد","زيارة","62652","","","باكوس أمام الرعاية","1227872937","",""
"998","مكتبة الكبير( النهضة)","V8214300481","MP2851","يحيي","زيارة","","","","البرج -- النهضة","1009578524","ح / جمعة علام",""
"686","مكتب م / خالد E D J","V8214300684","MP2851","شعبان","زيارة","152674","","11/24/2023 12:00:00 AM","سبا باشا ش / عبد السلام عارف","1065250414","ا / علياء",""
"459","شركة انترمنت","V8214301413","MP2851","طارق","زيارة","","","","العامرية / الناصرية","1220205250","",""
"771","ا / محمود محمد ( استانلى)","V8305201632","MP 3351","شعبان","زيارة","","","","استانلى بجوار التامين الصحى","1208909776","",""
"280","اليكس لايف (الكونتروال)","V8313700269","mp3351","ايمن","صيانة","","","","العجمى الهانوفيل / تجديد شهرى","","تجديد شهرى",""
"856","الحراريات (ش قانونية)","V8314400059","MP2851","شعبان","صيانة","1520965","","1/31/2027 12:00:00 AM","الحضرة","1200155670","0126430865/اشرف البدرى",""
"","ا / حسين الاسيوطى","V838107133","KY3560 CI","كريم","زيارة","","","","","","",""
"1777","مدرسة اشرف الخواجة","V857X02771","KY3060CI","رضا","ضمان","9595","9707","1/20/2026 12:00:00 AM","سموحة","1270706558","ا / هند السيد",""
"1781","ا / وليد عبد الغنى حجازى","V865700471","KY3065CI","ايمن","ضمان","45097","27778","","ميناء الاسكندرية","1026100383","01283207525",""
"1748","معهد مصر للدراسات اللاسلكية","V866X02756 ش","KY3065CI","","ارشيف","10698","33154","1/5/2026 12:00:00 AM","محرم بيك","1119059151","03/",""
"1778","ا / محمد بدوى","V885900430","KY3565CI","رضا","زيارة","81504","70715","4/22/2026 12:00:00 AM","قنال المحمودية -- محرم بيك","1223725611","سامح العربى",""
"2199","شركة انابيب البترول","V887707614","P-C3565I","عادل","ايجار","46213","22723","","فاكس","","",""
"2066","بيت الجملة فرع باكوس","V887808413","KY3565IMF","السيد","ايجار","33095","48404","","باكوس","","",""
"706","مطبعة الولاء","V9033500002","Pro751","مجدى","زيارة","1952654","1919296","","الحضرة / بجوار قهوة حسان","1111190791","01221855250",""
"832","ا / نادر السيد","V9304702329","MPC 3001","اسامة","زيارة","","","","المهدية","","",""
"85","الضحي و البسملة","V9304801899","MPC3001","","زيارة","","","5/30/2025 12:00:00 AM","العصافرة / على القطار","1551116471","",""
"868","مكتبة ال عيسى","V9304802358","MPC3001","شعبان","زيارة","70480","117921","5/25/2024 12:00:00 AM","ش / الترعة","1273231416","ا / ابراهيم ال عيسى",""
"480","سيبر امزون","V9314001480","MPC3001","شعبان","زيارة","","","","كفر عبدة","1098242656","ا/ تامر",""
"358","القبطان (ا/ فهمي)","V9314100287","MPC3001","طارق","زيارة","214056","124339","1/4/2024 12:00:00 AM","المنشية / سوق الورق","1093145771","01022349477",""
"839","اوتو نت","V9314502934","MPC3001","شعبان","زيارة","","","","اخر نزلة ابو سعدة","1033253975","",""
"714","السلسبيل اكاديمى","V9314603110","MPC3001","شعبان","زيارة","40032","54870","3/1/2024 12:00:00 AM","امام صيدلية ابو الخير -- الضمان (10000) نسخة","1277761712","01093748895",""
"897","ا / محمد طايل المحامى","V9314603701","","وسام","زيارة","","","","","","",""
"110","المنطقة الشمالية(شعبة التدريب)","V9314700650","mpc3001","","صيانة","","","4/20/2025 12:00:00 AM","سيدى جابر","1010575272","03/5463247",""
"106","المعتز","V9314702744","mpc3001","مجدى","صيانة","","","12/6/2026 12:00:00 AM","المنشية","1003699978","(01066557349)",""
"494","مكتبة ام مازن","V9314704442","MPc3001","طارق","زيارة","86562","363648","2/3/2023 12:00:00 AM","ش المستعمرة  - عبد القادر","1226413919","او الضمان (10000) نسخة",""
"267","مركز الفتح  صبري","V9323701264","mpc3001","طارق","زيارة","","","","الحضرة ش الزهور","1554977755","01026824821",""
"976","سنترال الجزيرة","V936X02493","KY3011","طارق","زيارة","510820","","8/17/2024 12:00:00 AM","كرموز","1202990116","ح / محمد -- تبع ابو هبة",""
"1583","مكتبة على فون","V9414100555","MP2800","السيد","زيارة","675035","252555","","العوايد ضيف - حوض 6","1032633196","",""
"592","مطبعة محمد عطية","V9713701076","MPC2051","مجدى","زيارة","","","","ش / صلاح الدين ابو سليمان","1221227917","",""
"1482","الفريدة للصناعات الغذائية","V9713801977","MPC2051","رضا","زيارة","97018","163545","12/15/2025 12:00:00 AM","برج العرب  الضمان 10000 نسخة أو ستة أشهر","1116877997","ا. هانى محمود",""
"546","مكتب كون كريت","V9713901075","MPC2051","مجدى","زيارة","36450","168736","9/19/2026 12:00:00 AM","411 طريق الجيش / ثروت -- تم الغاء العقد","1061368391","ا /علاء الصافي 03/5835591",""
"277","مصنع نجم للملابس","V9713901312","mpc2050","شعبان","صيانة","","","3/28/2027 12:00:00 AM","الحضرة الجديدة","1221260660","01200089947",""
"982","مكتبة ال الخير","V9714102129","MP2051","اسامة","زيارة","","","","","","",""
"798","شركة ابيار للملابس","V9714200013","MPC 2050","رضا","زيارة","","","","الربعة الناصرية","1278531806","ا / محمد علوانى",""
"997","شركة الاقصى (الجامعة الاهلية)","V9714300831","MPC2051","يحيي","زيارة","","","","الالة داخل / الجامعة الاهلية","1201116662","ا / اسلام الجندى",""
"433","مكتب الرائد للخدمات ","V9714302496","mpc2551","ايمن","صيانة","","","6/1/2024 12:00:00 AM","المنشية ش النصر","","",""
"1745","مكتبة السعد","V9714400835 ش","MPC2051","","ارشيف","175543","81561","","حجر النواتية","1273241020","",""
"1127","شركة السلام للمقاولات","V9714500336","MPC2051","تمام","زيارة","","","","مرغم -- خلف توكيل نيسان","1032704392","ا / احمد رجب",""
"393","مدرسة احمد زويل","V9714501280","MPC 2051","شعبان","زيارة","","","","الرابعة الناصرية / بجوار نادى الاتحاد","1222789829","ا/ عادل",""
"360","التجارية للاخشاب المنشار","V9714502840","MPC2051","مجدى","مطلوب عقد","","","1/13/2026 12:00:00 AM","الورديان","1227614291","03/4412840",""
"362","مكتبة المحروسة","V9714601640","MPC2550","شعبان","زيارة","","","","بجوار الشرطة العسكرية","1558590133","",""
"73","التجارية للاخشاب الحاسب الالي","V9714602606 ش","mpc2051","","ارشيف","","","5/1/2026 12:00:00 AM","العقد الوحيد المنفصل -- الورديان","1227614291","03/4412840",""
"697","ابنوب الفلكى","V9714700436","MPC2051","شعبان","زيارة","","","","الفلكى","1016428119","ابنوب",""
"476","سيبر امزون (الجديدة)","V9714702097","MPC2051","شعبان","زيارة","205718","71081","6/4/2023 12:00:00 AM","كفر عبدة -- ضمان (10000) الاف نسخة","1098242656","ا/ تامر",""
"436","مكتب الشرق الاوسط","V9714702249","mbc2051","ايمن","زيارة","","","","","","",""
"737","جمعية  صناع الحياة","V9714702497","MPC 2051","شعبان","زيارة","233888","39890","2/21/2024 12:00:00 AM","16 تنظيم غبريال شدس","1090848070","ا / ناصر",""
"467","مكتبة الرضا -  عبدالقادر","V9723702847","mpc2050","طارق","زيارة","","","","عبدالقادر","1283812990","",""
"746","مونديال كول","V9723800683","MPC2050","رحيم","زيارة","","","","سموحة / 59 ش اسماعيل سيرى بجوار مركز اسكندرية للعيون","1066650255","تبع م / رضا القدس",""
"893","شركة ترافيل سليوشن","V9723800993","MPC2051","شعبان","زيارة","","","","جليم","1050558640","",""
"995","شركة الصفوة للمقاولات","V9723802921","MPC2051","طارق","زيارة","","","","امام جرين بلازا","1011486511","",""
"1703","مكتبة الهوارى","V9724000138","MPC2051","شعبان","زيارة","","","","","","",""
"955","شركة الاقصى الجندى","V9724101670","MPC2051","يحيي","زيارة","","","","","1201116662","ا / اسلام الجندى",""
"1628","5G مكتبة","V9724102761","MPC2051","شعبان","زيارة","50819","51292","10/11/2026 12:00:00 AM","المراغى - شارع الجامع","1092536699","محمد عصمت",""
"532","شركة مياه الشرب السيوف","V9724202797","MPC2051","ايمن","زيارة","125900","69280","","العوايد","1277433327","ا / محمد نصر",""
"127","اليكس لايف","V9724203468","mpc2051","ايمن","صيانة","","","","العجمى الهانوفيل / تجديد شهرى","","تجديد شهرى",""
"322","مكتبة دريم","v9724203927","mp2051","شعبان","زيارة","","","6/5/2023 12:00:00 AM","الرصافة","1223526514","",""
"756","هانى المنشاوي","V9724204273 ش","MPC2051","","ارشيف","50583","121302","","ش/ ونجت","1002715041","",""
"936","شركة الاقصى الجندى","V9724301061","MPC2051","يحيي","زيارة","","","","","1201116662","ا / اسلام الجندى",""
"312","ا/ شيماء مدرسة الضوي 2","V9724601631","MPC2051","ايمن","زيارة","219345","168948","3/18/2023 12:00:00 AM","العجمى الهانوفيل","1210829408","",""
"755","مكتبة المصطفي","V9733900555","MPC2051","رضا","زيارة","470437","138152","12/5/2023 12:00:00 AM","باكوس - ارض سليم اسكندر --- الضمان (3000) نسخة","1221221802","01270251525",""
"1096","شركة الحمد","V9734000792","MPC2051","شعبان","زيارة","","","","السيوف - امام المعرض اليابانى","1281310751","ا / حسين",""
"805","مركز الفتح احمد شوقي","V9734101953","MPC2051","شعبان","زيارة","97915","29081","3/3/2024 12:00:00 AM","عزبة سكينة","1202748735","",""
"311","مكتبة نور (الجديدة)","V9734200249","MPC2051","شعبان","زيارة","296940","649739","2/18/2024 12:00:00 AM","شارع النصر /جرين بلازا","1097461275","03/4043781",""
"948","سى لايف للفلاتر","V9734200338","MPC2051","اسامة","زيارة","","","","دمنهور","1020200356","ا / محمود العبد",""
"826","شركة المجد للصناعات الغذائية","V9734201033","MPC2051","اسامة","زيارة","71296","60044","10/20/2024 12:00:00 AM","ش / محمد نجيب -- الضمان (10000) نسخة","1000663932","03/3586376",""
"1232","سويت جرل","V9734201120","MPC2051","شعبان","زيارة","","","","العوامره","1282206240","احمد",""
"","مينا فاست كمبيوتر","V9734301644","MPC2051","مجدى","زيارة","","","","الابراهيمية","1222667320","",""
"853","ا / نادر السيد","V9734400002","MPC2051","اسامة","زيارة","","","","","","",""
"120","اليكتراك هاوس","V9734500106","Mpc2051","","زيارة","","","","الحضرة البحرية","","",""
"796","العامرية للغزل والنسيج","V9734601391","MPC2051","عادل","زيارة","316225","8244","","رئيس مجلس الادارة  والعضو المنتدب","1002533615","ا / فتحى",""
"1959","سنترال الصفا","V977610428","KY3511I","عادل","زيارة","","","","بجوار مستشفى الجمهوية","01288808875","سمير سيد احمد",""
"695","شركة مون لايت","V9814083611","MPC2051","كريم","زيارة","","","","طريق المعمورة الجديد / المحمودية","1100246137","",""
"907","شركة وود برنت المطار","V9814100217","MPC2551","مجدى","زيارة","","","2/7/2025 12:00:00 AM","الموقف الجديد -- امبايرانتريور","1287144053","سامح فؤاد",""
"1613","مكتبة مكة","V9814500493","MPC2800","شعبان","زيارة","","","","العوايد","1225733800","",""
"1212","مكتبة طيور الجنة","V9814500845","MPC2051","شعبان","زيارة","","","","باكوس - ش 20","1201725406","تبع ايمن ابو زيد",""
"555","م/ كمال اللوجيستك ( الميناء )","V9814700743","MPC2551","ايمن","زيارة","","","","","","",""
"513","مكتبة العلم والايمان","V9824200160","MPC2051","شعبان","زيارة","318245","96681","8/10/2023 12:00:00 AM","بجوار مدرسة منارة العلم","1229708372","01286672469",""
"1824","شركة المصريه للمقاولات","V9824200431","MPC2550","شعبان","زيارة","","","","شارع النصر بجوار فتح الله","1553624451","(01503334795 )  ا / محمد عبد الله",""
"214","شركة المجد القاهرة","V9824200505","mpc2050","طارق","زيارة","","","5/31/2023 12:00:00 AM","ش 30 / القاهرة","1097978227","03/3586376",""
"389","زينب حامد","V9824200707","MPC 2051","مجدى","زيارة","301694","125864","5/10/2023 12:00:00 AM","اللبان","1202276978","",""
"851","شركة سيرفوميد","V9824500064","MPC2050","طارق","زيارة","","","","لوران -- طريق الحرية","1006584568","01200974606",""
"676","شركة النهار الساطع","V9824600726","MPC 2551","طارق","زيارة","","","","جميلة ابو حريد","1211407770","ا/ محمد حسن",""
"1182","ا / عبد الناصر (شعراوى)","V9833900121","MPC2051","شعبان","زيارة","","","","ش - شعراوى","1063224844","تبع حمادة الدولية",""
"875","شركة مراديف ( العاشر )","V9834700504","MPC2551","شعبان","زيارة","","","","جليم ش / فيلا المحافظ","","تبع م / خالد البربرى",""
"973","مكتبة الريادة","V9834700554","MPC2051","طارق","زيارة","","","","الورديان","1021652255","",""
"1613","مكتبة عالم ديزنى","V9836150973","","شعبان","زيارة","127938","21869","","العصافرة - شارع 45","1222303400","أ / نادر إبراهيم",""
"1715","فيتابيوتكس ايجيبت للصناعات الدوائية","VA48100654 ش","KY7052CI","","ارشيف","54450","467999","","الادارة - الدور الارضى","1001349165","ا / احمد",""
"1714","فيتابيوتكس ايجيبت للصناعات الدوائية","VA86X00037 ش","KY8052CI","","ارشيف","2267616","138368","","ادارة انتاج - الدور الارضى","1001349165","ا / احمد",""
"","مصطفى دربالة ( المهندس)","VA89701228","KY8052CI","شعبان","ضمان","354033","210467","12/6/2026 12:00:00 AM","سيدى بشر / دربالة","1229292048","",""
"","مكتبة القزاز","VAQ7200346","KY7002I","عادل","زيارة","1018050","","8/22/2026 12:00:00 AM"," باكوس --- الضمان (10000) نسخة","1289915820","",""
"","ا / اسلام الوكالة","VCY6900478","P2040DN","كريم","زيارة","28792","","","داخل الوكالة","","تبع كابتن وليد الطحان",""
"","علي امبروزو سجل محرم","VCY7365265","P2040DN","شعبان","زيارة","19060","","","امبروزو","","",""
"1890","شركة فاست تراك للملاحة","VDX1359576","KY5521C","مجدى","ايجار","52326","43903","12/22/2026 12:00:00 AM","ش / فؤاد","01061591455","ا / مينا",""
"1968","شركة خدمات البتروال البحرية","VDX1967494","KY5521CI","مجدى","زيارة","920","3307","4/27/2026 12:00:00 AM","البحر الاحمر","01229090091","عبد العزيز احمد",""
"1973","حضانة استب باى استب","VE59432708","KY5526C","رضا","زيارة","21650","67074","5/1/2026 12:00:00 AM","السيوف بجوار البنك الاهلى --الضمان(5000)نسخة","01007726865","ا / وليد حسين",""
"1698","المدرسة المصرية الانجليزية","VFK8Y02690","KY5056I","مجدى","ايجار","831344","","","المندرة -- طريق الملاحة","","الدور السابع",""
"2217","بيت الجملة ( برج العرب المشتريات)","VFL6600220","KY2506CI","السيد","ايجار","154708","72547","","برج العرب الجديد بجوار الموقف","","",""
"1741","T . M . I","VFL6X02331","KY2506C","عادل","ايجار","111609","18426","","العامرية منطقة حرة -- الادارة","1061662570","",""
"833","مكتبة القزاز","VFL7306453","KY2506CI","شعبان","زيارة","63937","","11/17/2024 12:00:00 AM"," باكوس --- الضمان (10000) نسخة","1289915820","",""
"1455","مكتبة علاء GT","VFL7407357","KY2506","شعبان","زيارة","208155","83052","4/12/2025 12:00:00 AM","المندرة","1271100282","تبع ام حسن الرايق",""
"1292","شركة وتد للمقاولات العامة","VFL7609196","KY3253CI","رضا","زيارة","298589","136158","2/3/2025 12:00:00 AM","برج العرب القديم","1068714953","احمد القصاص",""
"1713","المدينة للمراة (الاستقبال)","VFL7811783","KY2506CI","مجدى","ايجار","107836","133732","","سموحة","","",""
"2215","بيت الجملة ( برج العرب الاستلام )","VFL7Z15596","KY2506CI","السيد","ايجار","279748","70290","","برج العرب الجديد بجوار الموقف","","",""
"1741","ش / محمد حزين","VFL8316781","KY2506CI","شعبان","زيارة","265189","34376","4/3/2026 12:00:00 AM","العوايد -- القلعة","1128116295","",""
"1723","الشركه الهاشميه","VFL8317125","KY2506CI","رضا","زيارة","60971","95037","3/27/2026 12:00:00 AM","الضمان (5000) نسخة المنصورة","1099926649","ا/ محمود عماد",""
"1478","م / اسلام ( المحاسب )","VFL8720661","KY2506CI","مجدى","زيارة","63256","31240","10/26/2025 12:00:00 AM","محطة الرمل","1226010654","",""
"1770","مكتبة الشاهد","VFL8X21762","KY2506C","شعبان","زيارة","22048","39771","3/16/2026 12:00:00 AM","عزبة حجازى","1281031010","",""
"1685","سنتر حمدي (حسن السواق)","VFL8X22173","KY2506","شعبان","زيارة","134284","106940","2/27/2026 12:00:00 AM","عزبة حجازي بجوار قهوة مهدي","","حسن السواق",""
"1597","دليل الضرائب للمحاسبة والمراجعة","vfl8y23959","KY2506","مجدى","زيارة","91971","57620","10/15/2025 12:00:00 AM","سموحة - ش توت عنخ أمون - أبراج سيدى جابر - الضمان خمسة آلاف نسخة أو ثلاثة أشهر","1001761947","أ / أسامة محمد بسيونى 01288579526",""
"1727","مكتبة السعد","VFL8Z24810","KY2506CI","شعبان","ايجار","22196","50235","","حجر النواتية","1273241020","",""
"1776","سباير فارما","VFP6X00472","KY6006CI","مجدى","صيانة","1170299","321828","5/1/2027 12:00:00 AM","ش الريادة حدائق السرايا نموذج H","1022617411","",""
"1669","مكتبة المستقبل قبطان هشام","VFP7300648","KY6006CI","شعبان","صيانة","254138","500588","1/5/2027 12:00:00 AM","سيدى بشر ش العيسوى","1222280983","",""
"1635","مينا فاست كمبيوتر","VFP7300659","KY6006C","مجدى","صيانة","125988","178920","11/23/2026 12:00:00 AM","الابراهيمية","1222667320","",""
"2219","شركة فيروميتالكو","VFP7700882","KY6006CI","عادل","ايجار","587286","319676","6/16/2027 12:00:00 AM","برج العرب المنطقة الثالثة","01500012950","ا / محمد فرج الكومى",""
"1718","فيتابيوتكس ايجيبت للصناعات الدوائية","VFP7700882 ش","KY6006CI","","ارشيف","574234","312881","","الادارة - الدور الارضى","1001349165","ا / احمد",""
"1611","مركز بريميم","VFP7801019","6006CI","مجدى","زيارة","24438","","1/25/2026 12:00:00 AM","شارع النصر عمارة 3 شقة 3 كومباوند الهدى بلادى - ضمان عشرة آلاف نسخة","1222342061","د/ مصطفى أحمد شحاته",""
"1768","الاكاديمية","VFP7901120","KY6006CI","مجدى","صيانة","378095","57292","8/31/2026 12:00:00 AM","المنتزة","1272796901","",""
"1757","فيتابيوتكس ايجيبت للصناعات الدوائية","VFP8301221 ش","KY6006CI","","ارشيف","47446","17618","","الالة اسبير - الدور الارضى الانتاج QA","1001349165","ا / احمد",""
"1594","علاء مطبعة الاخوة","VFP8901668","MFP6006","مجدى","زيارة","936832","176835","1/12/2026 12:00:00 AM","بجوار الشركة","1223018902","",""
"1469","مكتبة الفرسان","VFP8X01679","KY6006CI","مجدى","زيارة","6632","550252","","كليوباترا - سوق الزنانيرى","1211155529","01552053277",""
"1385","شركة ميسكو ( الممشى بور سعيد)","VFS6700073","KY6002i","مجدى","ايجار","939866","",""," بور سعيد","01276889887","محمد مهران",""
"1938","نادى النصر ا / كريم محمد على الاسطاوى","VFS7800839","KY6056I","رضا","زيارة","","","","تبع الشركة الدولية محمود صبرى --- المندرة","01015941949","0126619977",""
"1434","الجامعة الاهلية","VFS7800891","KY6002i","","ارشيف","","","","بجوار الشركة","1208309372","ا / احمد عرفان",""
"1746","مركز بريميم","VFS7800905","KY 6056 I","مجدى","زيارة","46904","","2/16/2026 12:00:00 AM","شارع النصر عمارة 3 شقة 3 كومباوند الهدى بلادى - ضمان عشرة آلاف نسخة","1222342061","ا/ بسطاوي",""
"1405","رنا المينا","VFS7901087","KY6056i","ايمن","ضمان","1475308","","","","","",""
"1148","سنتر دريم","VFS7Z01338 ش","KY6056i","","ارشيف","1594638","","","الابراهيميه بجوار فتح الله","1276517777","",""
"2034","شركة ميسكو ( التوكيل )","VFS8401660","KY6056I","مجدى","ايجار","2256742","","","خلف/ استاد الاسكندرية","1202767777","01283829774",""
"246","علاء مطبعة الاخوة","VFS8401660 ش","MFP6056i","","ارشيف","","","","بجوار الشركة","1223018902","",""
"1011","شركة ماسترز","VFZ6700139","KY5056","طارق","زيارة","290887","","","","","",""
"1008","مطبعة زهور السوسن","VFZ7X01773","KY 5056","مجدى","زيارة","104368","","10/16/2024 12:00:00 AM","نزلة ابو سعدة","1116141213","هشام احمد",""
"1901","مكتبة لوران","VFZ8X02645","KY5056 I","عادل","زيارة","1516194","","6/26/2026 12:00:00 AM","دمنهور ش / المحافظة","01095322258","امال ابو زيد -- ام احمد",""
"1369","ا / عمرو اسبورتنج","VG36903086","KY3206CI","مجدى","زيارة","","","","سيدى جابر","","عميل شخصى",""
"1014","شركة سوميت (ابو حمص)","VG36Y05999","KY3206","عادل","زيارة","154126","19437","","الطريق الزراعى ابو حمص","1016903540","01014755563 - 01002596262",""
"682","مكتبة الشيخ","VG37107814","KY3206C","طارق","زيارة","","","","محرم بيك -- صحة امبروزو","1206506828","سامي حلمي عبد العزيز",""
"1615","مكتبة عبد الرحمن","VG37409185","MFP3206","رضا","زيارة","188604","92185","","سيدى بشر ش خلف خليل حماده","1003866758","أ / أشرف مجدى",""
"2042","جلف شادوز(جهاز مدينة رؤية الجديدة)","VG37409282","KY3206CI","كريم","زيارة","","","","","","",""
"1746","حسين صقر","VG37611000","KY3206CI","شعبان","زيارة","303105","160084","4/6/2026 12:00:00 AM","استانلى","1007752548","",""
"","ايليت الطبية ( العلاج الطبيعى )","VG37812573","KY3206CI","شعبان","ايجار","1077334","18338","","الطريق الدائرى قبل كارفور","","الايجار 1100 جنية",""
"1883","مكتبة كيتى تاون","VG37812573  ش","KY3206CI","","ارشيف","1066986","17906","","ميامى امام حلوانى كلاسيك","01276284435","01062406986",""
"663","شركة ميسكو يوروشبنج","VG37812573 ش","KY3206CI","","ارشيف","727806","16674","","خلف/ استاد الاسكندرية","1203000125","ا / شحاتة",""
"1092","ايليت الطبية ( السجلات )","VG37912991","KY3206CI","شعبان","ايجار","124677","136257","","الطريق الدائرى قبل كارفور","1559993069","الايجار 1100 جنية",""
"1477","مصنع ساف للملابس","VG37913425","KY3206CI","رضا","زيارة","4366","189646","4/27/2025 12:00:00 AM","سموحة","1272050333","ا / محمد صلاح",""
"143","المدينة للمراة (الاستقبال)","VG37913675 ش","KY3206CI","","ارشيف","32240","21231","","سموحة","","",""
"1308","T . M . I","VG37913703","KY3206CI","عادل","ايجار","82055","169824","8/17/2025 12:00:00 AM","منطقة حرة - (مكتب الادارة)","1061662570","القيمة الايجارية 1125 جنية كحد ادنى 7000 نسخة + النسخة الالوان 1 جنية",""
"1382","تكنو اليكس","VG37914119","KY3206ci","مجدى","زيارة","321969","142542","10/28/2025 12:00:00 AM","سموحه الضمان 10000نسخه+6شهور","1116226255","ا/عمرو القونى",""
"1417","شركة ايجل للانشاءات","VG37Y15404","KY3206","رضا","زيارة","121129","150310","3/15/2025 12:00:00 AM","طريق الضبعة","","م/ مصطفي حسن يوسف ---- مقابل 11500",""
"1587","مكتبة تويز ستور ( عم مجدى )","VG38115885","MFP3206","عادل","زيارة","186258","169843","","العصافرة - آخر شارع مدارس القدس","1129987011","عم / مجدى",""
"1878","يسرى الطبية","VG38115992","KY3206CI","مجدى","صيانة","","","10/27/2027 12:00:00 AM","الساعة","1002168399","03/5264377",""
"1661","شركة كريتيف","VG38317287","KY3206CI","عادل","زيارة","","","","داخل المنتزة","1228590667","",""
"934","مكتبة جيهان","VG38318033","KYC3206C","نوبى","زيارة","","","","المندرة","1010661664","ا / حاتم",""
"1266","شركة ميسكو (جلوب لينك)","VG38418646","KY 3206C","مجدى","ايجار","15411","10059","","ش / السلطان حسين الشلالات","1203000125","ا / شحاتة",""
"","حسين صقر","VG38418901","KY3206CI","شعبان","زيارة","328109","159353","","استانلى","","",""
"1250","سى تريد للملاحه","VG38419254","KY3206CI","مجدى","زيارة","77008","32941","9/17/2025 12:00:00 AM","ش فؤاد -الضمان 10000 نسخه او 6اشهر","1118722295","رضا",""
"2078","الميثاق العربى","VG38519908","KY3206CI","عادل","زيارة","71038","219290","7/22/2026 12:00:00 AM","بجوار محمد نجيب على البحر --الضمان(5000)نسخة","01276662455","",""
"1400","مصنع ساف للملابس","VG38922902","KY3206CI","رضا","زيارة","29429","37786","","المستعمرة-- الضمان(10000) نسخة","01289464715","",""
"1804","سامح احمد عثمان","VG38Y25013","KY3206CI","رضا","زيارة","109975","57474","","كتيبة جيش بالسلوم","1272549028","",""
"1549"," عبد الله الشوني","VG38Z25684","MP3206CI","شعبان","ايجار","","","","بجوار الشركة","1273033163","",""
"1467","الادارة العامة مكافحة المخدرات","VG66X00520","KY4006CI","مجدى","زيارة","94090","238853","4/19/2025 12:00:00 AM","مدرية الامن القديمة","","",""
"2081","شركة صن شاين","VG66Z01244","KY4006CI","رضا","زيارة","401109","64901","","بجوار نادي النصر","01279451103","",""
"1781","حمدي نور الاسلام","VG67303231","KY4006CI","شعبان","ايجار","392620","127108","","  حجر النواتية","1026850785","",""
"1470","مكتبة بسام","VG67303312","KY4006CI","رضا","زيارة","424356","85815","4/21/2025 12:00:00 AM","ش السلامونى من ش 20","1228077380","",""
"278","مكتبة عجمستا","VG67303326","Ky4006CI","شعبان","زيارة","450609","128710","10/22/2025 12:00:00 AM","باكوس ش 20","1287408996","",""
"1769"," مطبعة دريم ارت","VG67403638","KY4006CI","مجدى","زيارة","343994","132570","4/14/2026 12:00:00 AM","ش ايزيس","1207266803","مصطفى نيازي",""
"1043","مكتبة الامناء","VG67603891","KY4006CI","","ضمان","131266","32318","10/15/2024 12:00:00 AM","العصافرة قبلي استوديو كرنفال مدرسة فاطمة الزهراء","1273165079","01229620098 -0121276302",""
"1054","ا / فاطمة احمد (البيطاش)","VG67704631","KY4006CI","مجدى","زيارة","73278","98620","1/7/2025 12:00:00 AM","العجمى -- البيطاش","1283674036","01274771526",""
"2172","شركة انشاء","VG67804769","KY4052CI","مجدى","زيارة","","","","","","",""
"1449","ا/ محمد احمد المحامي","VG67Y05830","KY4006CI","مجدى","زيارة","53727","116803","4/8/2025 12:00:00 AM","بجوار قسم رمل اول (صفر) - الضمان(10000) نسخة","1003649152","",""
"1354","قسم رمل ثان (مكتب الاحراز )","VG68307310","kY4006ci","شعبان","زيارة","123034","51610","3/3/2025 12:00:00 AM","داخل قسم الرمل  -- الضمان (10000) نسخة","1282743752","ا/ محمد الحريري",""
"1805","مدرسة الابداع الدولية","VG86X00651","KY5006CI","مجدى","صيانة","","","9/1/2026 12:00:00 AM","ابيس الزراعى","1227323131","على عبد النبى",""
"1386","شركة ميسكو ( مكتب النقل بور سعيد)","VG86Y01047","KY5006ci","مجدى","ايجار","238712","575174",""," بور سعيد","01276889887","محمد مهران",""
"1888","الصافتى","VG86Y01353","KY5006CI","مجدى","زيارة","","","","","","",""
"1119","اللوتس جروب","VG87301660","KY5052","","ارشيف","643515","99718","","الدولى كمبوند اليكس واى","1222690413","01201678459عادل  /ماجد",""
"1833","المصرية للخدمات الزراعية والتجارة","VG87301710","KY5052CI","عادل","ايجار","366949","139915","1/25/2027 12:00:00 AM","مكتب الامن -- الكيلو 52 صحراوى","1006303121","ايجاست",""
"1754","مكتبة ترند","VG87602418","KY5006CI","رضا","زيارة","","","","بجوار كلية الهندسة","1000011536","ا / فيصل",""
"1743","مكتبة ريحانة الجنة","VG87602491","KY5006CI","عادل","زيارة","224223","18178","4/5/2026 12:00:00 AM","ش 20 بجوار مجمع المدارس","1100043935","محمد عبد الفتاح",""
"1523","اكاديمية ابداع","VG88304227","MP5006CI","مجدى","زيارة","507339","348527","","","","",""
"1073","المصرية للخدمات الزراعية والتجارة","VG88404624 ش","KY5006","","ارشيف","721300","","","ش / فؤاد","1099777951","شريف شتا",""
"1560","مكتبة عمر","VG88605019","KY5006CI","عادل","زيارة","162358","179704","12/28/2025 12:00:00 AM","كفر الدوار - نظير","1280507201","عمر محمد محمد عبده",""
"1517","محاسب ومراجع قانونى سمير ابراهيم","VG88Y05802","KY5006CI","رضا","زيارة","43247","158371","","رضا القدس ---  سيدى جابر","01003335548","تم تبديل الاله شركة بيلدز GPE",""
"1678","مكتبة الملكة والامل","VG88Z06290","KY5006CI","","زيارة","306561","120759","","الازاريط","","ا/يسري",""
"1663","محمود بلبع المحامى","VIN5Z09288","KY2100DN","عادل","زيارة","","","","سان استيفانو","1115283518","",""
"1577","AUTO PRO","VIP5915138","P4030","كريم","زيارة","54492","","","","","",""
"937","المدرسة المصرية الانجليزية","VKZ6101493 ش","KY5500","","ارشيف","533543","","","المندرة -- طريق الملاحة","","",""
"2213","بيت الجملة (بركة السبع)","VLW7X69757","P3055DN","وائل","ايجار","352545","","","المنوفية  -- بركة السبع","1211667301","م / وائل المنوفية",""
"2202","وحدة حرس الحدود","VLW9561885","P3055DN","رضا","ضمان","20457","","10/17/2026 12:00:00 AM","المطار --زظ  الضمان(3000)نسخة","01099782527","عبد الرحمن عاشور",""
"1730","جولدين ستارز","VNC4J33999","HP2035","مجدى","صيانة","","","8/31/2026 12:00:00 AM","عزبة سكينه خلف شركة الكهرباء العوايد","1066856507","ا/ محمد صبحي ابراهيم",""
"","بيت الجملة فرع عبور خدمة عملاء","VNK8302814","KY2655CI","وائل","ايجار","48532","20917","","مالتى","","",""
"1825","شركة ميسكو (الادارة) الدور 11","VNK9505372","KY2655C","مجدى","ايجار","3845","3805","","خلف/ استاد الاسكندرية","1202767777","01283829774",""
"1479","مكتبة العربي","VNN6Y01436","KY4002I","مجدى","زيارة","452493","","12/15/2025 12:00:00 AM","بجوار الشركة","1006584568","",""
"1862","الرضا للتخليص الجمركى","VNN6Y01455","KY4002I","مجدى","صيانة","1375027","","10/27/2026 12:00:00 AM","شارع النصر عمارة الكهرباء","01201212609","احمد ابراهيم",""
"2058","جمعية الاحسان","VNN6Y01488","KY4002I","يحيي","زيارة","1380656","","","الجاردات ابو حمص -البحيره","0120681555601063343881","ا/ فاروق المصري",""
"423","المدرسة المصرية الانجليزية","VNN6Y01524","KY4002","مجدى","ايجار","","","","المندرة -- طريق الملاحة","","الدور السابع",""
"464","شركة انابيب البترول","VNN7302613 ش","KY4002i","","ارشيف","","","12/31/2025 12:00:00 AM","مرغم","","",""
"182","المدرسة المصرية الانجليزية","VNN7403597","KY4002","مجدى","ايجار","","","","المندرة -- طريق الملاحة","","الدور السابع",""
"9","شركة ماستر","VNN7503640","KY4002","طارق","زيارة","","","","ارض الفضالى","1284330715","",""
"1736","سنتر دريم ( فاطمة ابراهيم )","VNN8309163","KY4002I","مجدى","زيارة","","","","","","",""
"462","شركة انابيب البترول","VNN8509475","KY4002i","عادل","ايجار","","","12/31/2025 12:00:00 AM","مرغم","","",""
"1783","شركة اسبيد سيرفيس","VP19Z30003","KY4020I","كريم","ضمان","1605","","1/25/2026 12:00:00 AM","حجر النواتية","1090580933","",""
"2051","شركة ميسكو يوروشبنج","VQ16900137","KY4056I","مجدى","ايجار","467140","","","خلف/ استاد الاسكندرية","1203000125","ا / شحاتة",""
"2007","مكتبة رؤية","VQ17301065","KY4056I","عادل","زيارة","","","","تبع م / ايمن الجمال --- عزبة سعد اول السوق","01020155079","ا / عيد",""
"2222","المصرية للخدمات الزراعية والتجارة","VQ17801879","KY4056I","مجدى","ايجار","181160","","8/2/2027 12:00:00 AM","الفرع الرئيسى الادارة -- باب شرق","01031006811","ا / اسر",""
"1744","اسلام يسرى","VQ18Y03750","KY4056I","مجدى","صيانة","756580","","3/16/2027 12:00:00 AM","المنشية باب 10","1221381682","",""
"2137","مكتبة زين استور","VRC8621897","P4531DN","مجدى","ضمان","83961","","9/10/2026 12:00:00 AM","الابراهيميه","1272921860","فاطمه",""
"1651","ا / ندى ضرائب رمل ثانى","VRH7913769","KY5031","كريم","زيارة","","","","ضرائب رمل ثانى","","",""
"1780","ا / وليد عبد الغنى حجازى","VRH8421210","KY5031I","ايمن","ضمان","52815","","","ميناء الاسكندرية","1026100383","01283207525",""
"1730","اوتو بروتو","VRH9233516","KY5031","كريم","ضمان","67342","","12/16/2025 12:00:00 AM","سان استيفانو -- ضمان( 5000) الاف نسخة","01211119943","",""
"2210","بيت الجملة (بركة السبع)","VRJ8106625","P5531DN","وائل","ايجار","277691","","","المنوفية  -- بركة السبع","1211667301","م / وائل المنوفية",""
"1906","مكتبة زين استور","VRK8602275","KY6031DN","مجدى","زيارة","315123","","","الابراهيميه","1272921860","فاطمه",""
"1512","عثمان ماركت","VTW7602268","MPF","رضا","زيارة","150557","","","ش المدراس","","",""
"808","شركة مراديف ( السابع )","W2204301891","MPC2050","شعبان","زيارة","220645","59618","","جليم ش / فيلا المحافظ","","تبع م / خالد البربرى",""
"1561","بلو أوشن","W256Z10809","KY2552CI","مجدى","صيانة","506416","249144","4/18/2027 12:00:00 AM","5 تنظيم زاوية القلعى شارع النصر - المنشية","1050101979","محمد ممصطفى مرسى",""
"1509","سباير فارما","w257624242","KY3252CI","مجدى","صيانة","323376","397580","5/1/2027 12:00:00 AM","القاهرة - المعادى","1022617411","عبد النور",""
"1544","الجامعة الاهلية","W2E6800381","KY6052CI","مجدى","ايجار","978999","386457","","بجوار الشركة","1208309372","ا / احمد عرفان",""
"2201","مكتبة اسلام","W2E6Y01430","KY6052CI","الرومى","زيارة","419134","148490","","الساعة  ش / صلاح الدين","01155281181","محمد فهمى الصاوى",""
"2086","وزارة الصحة هيئة التدريب","W2E6Y01430 ش","KY6052CI","","ارشيف","411375","147922","5/31/2026 12:00:00 AM","دار اسماعيل","","الايجار 30000 نسخة",""
"2035","شركة مكتب الاكاديمية البحرية","W2E6Z01768","KY6052CI","رضا","زيارة","367848","522324","","العالمين","1033446628","م / محمد فاروق",""
"1832","سنترال المستقبل","W2E7302392","KY6052CI","شعبان","زيارة","143147","150711","5/22/2026 12:00:00 AM","ض10000 نسخه او6 شهور -- اخر ونجت ش  اللا فيزون","1020065007","عادل ابراهيم",""
"2162","مكتبة حسام","W2E7803401","KY6052CI","مجدى","ضمان","87309","360773","12/22/2026 12:00:00 AM","ش / صلاح الدين - الساعة -- الضمان(10000) نسخة","","",""
"1626","شركة لاكشرى للمقاولات","W2E7Z04420","KY6052C","شعبان","ايجار","188860","266547","","شيراتون المنتزة","1020874407","ا / احمد سامى (المحاسب)",""
"1957","اوفر برنت","W2E7Z04459","KY6052CI","رضا","زيارة","147609","277693","7/26/2026 12:00:00 AM","بجوار الشركة","01270182870","اسلام",""
"1649","مدرسة الابداع الدولية","W2E7Z04459 ش","KY6052CI","","ارشيف","147448","27358","6/8/2026 12:00:00 AM","ابيس الزراعى","1227323131","على عبد النبى",""
"1737","مكتبة الاهلية","W2E8504982","KY6052CI","شعبان","زيارة","565408","166361","3/7/2026 12:00:00 AM","بجوار الجامعة الاهلية","1027209594","احمد مصباح",""
"1841","معرض ايفرن هوم السجاد","W2E8905862","KY6052","كريم","زيارة","695842","101615","","الدائري بجوار سنتر لامعي","1222287411","",""
"1891","مدرسة الابداع الدولية","W2E8905905","KY6052CI","مجدى","صيانة","98518","116977","9/1/2026 12:00:00 AM","مركز التصوير","1227323131","على عبد النبى",""
"2138","مكتبة زين استور","W2E8906078","KY5052CI","مجدى","ضمان","314797","319725","12/10/2026 12:00:00 AM","الابراهيميه","1272921860","فاطمه",""
"1756","مصطفى دربالة ( المهندس)","W2E8X06166","KY6052CI","شعبان","زيارة","469328","10001","4/10/2026 12:00:00 AM","سيدى بشر / دربالة","1229292048","",""
"1992","فاست ترانس","W2E8X06327","KY6052CI","مجدى","صيانة","1812071","188479","5/31/2027 12:00:00 AM","محطة مصر بجوار استاد اسكندرية","01067000845","ا / شريف حسن",""
"1881","احمد اسامة ( ماس )","W2E8Y06549","KY6052CI","مجدى","زيارة","","","","","","",""
"1140","محمد السنان","W2J6X01535","KY5052CI","مجدى","زيارة","439906","126783","8/12/2025 12:00:00 AM","جليم","1277088341","م/ محمد السنان",""
"2036","مطبعة خميس العجمى","W2J6Z02969 ش","KY5052CI","","","88974","8633","","العجمى","","",""
"1063","المصرية للخدمات الزراعية والتجارة","W2J6Z03384","KY5052CI","عادل","ايجار","553810","354029","1/25/2027 12:00:00 AM","( الموالح )-- الكيلو 52 صحراوى","1006303121","ايجاست",""
"1499","الاكاديمية","W2J7103984","KY5006CI","مجدى","صيانة","297631","452324","8/31/2026 12:00:00 AM","المنتزة","1272796901","",""
"1305","شركة هاى فريت ماستر","W2J7104105","KY5052Ci","مجدى","زيارة","1145853","93154","12/25/2024 12:00:00 AM","محطة الرمل","1285458111","ا / عماد وحيد",""
"1072","مينا فاست كمبيوتر","W2J7104345 ش","KY5052CI","","ارشيف","126402","127508","","الابراهيمه","1222667320","",""
"1766","مركز بريميم","W2J7305867","KY5052","مجدى","زيارة","79428","58606","2/22/2026 12:00:00 AM","شارع النصر عمارة 3 شقة 3 كومباوند الهدى بلادى - ضمان عشرة آلاف نسخة","1222342061","ا/ بسطاوي",""
"1446","شركة بنا و العمران","W2J7506351","KY5052","مجدى","مطلوب عقد","487076","859273","5/26/2026 12:00:00 AM","مصطفي كامل بجوار صيدلية بلبع","1223322583","ا / مصطفى جبر (03/5453263 )",""
"1074","مكتب كونكريت","W2J7607424","KY5052CI","شعبان","زيارة","116315","260388","7/27/2025 12:00:00 AM","زيزينيا او 10000 نسخه ضمان 6 شهور","1114498664","د مصطفى",""
"1144","ا/امانى الخلفاوى","W2J7707776","KY5052CI","شعبان","زيارة","635819","287576","11/8/2025 12:00:00 AM","ثروت ضمان6 شهور 10000 نسخه","1281742072","المنزل",""
"563","شركة ميسكو ( التوكيل )","W2J7808624 ش","KY5052CI","","ارشيف","635229","177229","","خلف/ استاد الاسكندرية","1202767777","01283829774",""
"","مركز بريميم","W2J7808665","KY5052CI","مجدى","ضمان","39148","169396","12/24/2026 12:00:00 AM","شارع النصر عمارة 3 شقة 3 كومباوند الهدى بلادى - ضمان 1000 نسخه","1222342061","ا/ بسطاوي",""
"1237","ا / منتصر فتحى موسى","W2J7809345","KY5052CI","مجدى","زيارة","1931288","50804","1/30/2025 12:00:00 AM","بجوار الشركة","120233134","",""
"1053","مكتبة السعد","W2J7909714","KY5052CI","شعبان","ايجار","1095322","119361","","حجر النواتية","1273241020","",""
"1528","شركة العمران","W2J7910035","KY5052CI","مجدى","صيانة","214841","158740","9/1/2026 12:00:00 AM","397طريق الحريه مصطفى كامل","1223322583","مصطفى جبر",""
"1157","مدرسة السلام","W2J7Z12020","KY5052CI","رضا","زيارة","481280","85777","","","122696413","اسلام ابوحمص",""
"1514","جى ديزاين S-K-M","W2J8113741","KY5052CI","طارق","زيارة","21687","28825","","القاهره 6 اكتوبر الضمان20000) نسخة","1118999399","",""
"1243","شركة هاى فريت ماسترالقاهرة","W2J8314917","KY5052CI","مجدى","زيارة","","","","","1285458111","ا / عماد وحيد",""
"1061","المصرية للخدمات الزراعية والتجارة","W2J8415698","KY5052CI","عادل","ايجار","646563","142529","1/25/2027 12:00:00 AM","( البطاطس ) الكيلو 52 صحراوى","1006303121","ايجاست",""
"1843","شركة بيلدز GPE","W2J8415996","KY5052CI","رضا","زيارة","657637","192392","","جليم","","تبع م / رضا القدس",""
"1336","سيف بانوراما","W2J8416096","KY5052CI","طارق","زيارة","31412","155968","","مستشفى الايطالى","1151582453","",""
"1734","مكتبة زين استور","W2J8516877","KY5052C","مجدى","زيارة","669268","173168","3/19/2026 12:00:00 AM","الابراهيميه","1272921860","فاطمه",""
"1457","مدرسة بن خلدون","W2J8516934","KY5052CI","مجدى","زيارة","230078","173982","4/8/2025 12:00:00 AM","الساعة","","",""
"1590","مكتبة النجاح","W2J8617309","MFP5052","عادل","زيارة","1309394","359344","","خورشيد","","",""
"1295","مكتبة زين استور","W2J8617474","KY5052CI","مجدى","زيارة","1567101","561664","","الابراهيميه","1272921860","فاطمه",""
"1584","مكتبة الملكة والامل","W2J8718573","MFP5052","رضا","زيارة","448720","417450","","الأزاريطة","1222362229","",""
"","مدرسة محمد كريم","W2J8Y20945","KY5052CI","ايمن","زيارة","","","","سموحة","","",""
"1526","شركة انابيب البترول","W2N6X01506","KY4052CI","عادل","ايجار","261960","229343","12/31/2025 12:00:00 AM","مرغم","","",""
"1991","احمد جيمى المدرية القديمة","W2N7104687","KY5052CI","مجدى","ايجار","831052","521794","","المديرية القديمة","01553588828","",""
"1027","مكتبة السعد","W2N7104687 ش","KY4052CI","","ارشيف","405242","513363","","حجر النواتية","1273241020","",""
"1547","ميرجو مارين","W2N7104895","KY4052CI","مجدى","زيارة","431519","201688","5/27/2027 12:00:00 AM","ابيس","1115554218","",""
"","ادوية السيوف (المخازن)","W2N7205191","KY4052CI","شعبان","ايجار","874434","54922","6/30/2027 12:00:00 AM","السيوف","1090718182","",""
"1076","هاى كوالتى برج العرب","W2N7205504","KY4052CI","رضا","زيارة","395792","108988","7/27/2025 12:00:00 AM","( كوالتى تارجت ) برج العرب","01271723322","ا/ حسام",""
"1810","مكتبة داش","W2N7205667","KY4052CI","شعبان","زيارة","266624","91373","5/11/2026 12:00:00 AM","محطة ترام السرايا","1142010036","01214005565",""
"1784","سنتر بلو سيدى جابر","W2N7205749","KY4052CI","مجدى","زيارة","364454","47301","4/25/2026 12:00:00 AM","سيدى جابر","1202723106","محمد عبد العزيز مرزوق",""
"535","جولدين ستارز","W2N7609035","KY4052CI","مجدى","صيانة","134122","51121","8/31/2026 12:00:00 AM","عزبة سكينه خلف شركة الكهرباء العوايد","1066856507","ا/ محمد صبحي ابراهيم",""
"1392","حسن الرايق","W2N7710769","KY4052","شعبان","زيارة","633532","243432","3/20/2026 12:00:00 AM","العصافرة","1275992081","استبدال 03+300 فرق سعر 8000 جنية دفع 5000 و باقي 3000 علي 3 شهور",""
"1500","اليكس مارين كريم الشيخ","W2N7811297","MP4052CI","مجدى","صيانة","189205","75783","1/18/2027 12:00:00 AM","ش / النصر المنشية","1004008793","03/4869684",""
"","مدرسة محمد كريم","W2N7811611","KY4052CI","ايمن","زيارة","","","","سموحة","","",""
"1060","المصرية للخدمات الزراعية والتجارة","W2N7811724","KY4051CI","عادل","ايجار","261751","250641","1/25/2027 12:00:00 AM","الموالح -- الكيلو 52 صحراوى","1006303121","ايجاست",""
"1496","مكتبة محمد رفعت (الكهربائى)","W2N7X14097","MP4052CI","شعبان","زيارة","2184918","219644","12/20/2025 12:00:00 AM","باكوس - ضمان ستة أشهر أة عشرة آلاف نسخة","1224666799","أ. محمد",""
"1740","مكتبة الجامعة","W2N7X14717","KY4052CI","مجدى","زيارة","35802","23843","4/3/2026 12:00:00 AM","بجوار كلية الهندسة","1286383846","احمد محمد مرسى",""
"1538","سباير فارما","W2N7X14842","KY4052CI","مجدى","صيانة","262718","243858","5/1/2027 12:00:00 AM","ش الريادة حدائق السرايا نموذج H","1022617411","03/4281081",""
"1619","شركة ميسكو (العين الساخنه)","W2N7Y15408 ش","KY4052C","","ارشيف","84059","72091","","العين السخنة - مكتب النقل","","",""
"1508","مكتبة الوان","W2N7Z18509","KY4052CI","شعبان","زيارة","579420","155656","5/17/2025 12:00:00 AM","الحضرة","1203123601","ا / اشرف خفاجة",""
"","عمرو ويكا","W2N7Z18615","KY4052CI","عادل","زيارة","","","","بحرى","","",""
"1646","اللوتس جروب","W2N7Z18849","MFP4052","شعبان","ايجار","240079","387770","","الدولى كمبوند اليكس واى","1222690413","01201678459عادل  /ماجد",""
"1670","دلتا النيل للانشاءات","W2N8119608","KY4052CI","عادل","ايجار","714498","314187","","محرم بك  الدون تاون","1007090781","ا / شريف",""
"1879","مكتبة ناصر","W2N8119613","KY4052CI","شعبان","زيارة","381580","57691","6/12/2026 12:00:00 AM","غبريال - بجوار مستشفى امنة -- الضمان (10000) نسخة","1210783140","",""
"1772","ا / حسين الاسيوطى","W2N8120131","KY4052CI","رضا","زيارة","422711","31686","4/17/2026 12:00:00 AM","السيوف","1016639040","01281294842",""
"2043","شركة انابيب البترول ( الحمراء )","W2N8523031","KY4052CI","عادل","ايجار","801558","183102","","منطقة الحمراء -- العالمين","0109299222","محمد عبد الوهاب",""
"1132","مكتبة الياسمين","W2N8624206","KY4052CI","مجدى","زيارة","228078","250633","12/2/2024 12:00:00 AM","بجوار الشركة","1228956962","ا / ياسمين",""
"1755","مكتبة ترند","W2N8725697","KY4052CI","رضا","زيارة","","","","بجوار كلية الهندسة","1000011536","ا / فيصل",""
"1065","فاست 2","W2N8725966","KY4052Ci","مجدى","صيانة","248897","488582","6/5/2027 12:00:00 AM","المنشية","1226010654","03/4839553",""
"1485","شركة فيماس للملابس الجاهزة","W2N8930147","KY4052CI","عادل","ايجار","1543838","23744","6/15/2026 12:00:00 AM","المنطقة الحرة","1284581085","01221991500",""
"1771","ا / حسين الاسيوطى","W2N8X31196","KY4052CI","رضا","زيارة","367717","299704","4/17/2026 12:00:00 AM","السيوف","1016639040","01281294842",""
"1521","سبايرفارما","W2NX1442 شش","KY4052CI","","ارشيف","262718","243858","5/3/2025 12:00:00 AM","ش الريادة حدائق السرايا نموذج H","1022617411","",""
"1510","( هنا اكاديمى )","w2s6902162","KY3252CI","رضا","زيارة","17576","127937","5/20/2025 12:00:00 AM","ش العلاقين كوبرى الناموس الضمان(10000) نسخة","1556668325","عمرو محمد شعبان",""
"","بيت الجملة المعادى 2","W2S6X03781","KY3252CI","وائل","ايجار","415759","51569","","المعادى 2","","",""
"1452","كابتن وليد الطحان","W2S6X05486","KY3252CI","مجدى","زيارة","357681","203289","4/13/2025 12:00:00 AM","مرية الامن القديمة","1227237553","",""
"","بيت الجملة التجمع الخامس الاستعلام","W2S6Y06304","KY3252CI","وائل","ايجار","144300","148790","","غرفة مدير الفرع","","",""
"1752","مكتبة داسمير","W2S6Y06340","KY3252CI","شعبان","زيارة","421955","91077","4/7/2026 12:00:00 AM","البكاتوشى بجوار السكة الحديد","1555651056","01507500108",""
"1139","بلو اوشن","W2S6Z10809","KY3252CI","مجدى","زيارة","49740","248638","11/8/2025 12:00:00 AM","ش / النصر المنشية","1277525465","",""
"1819","شركة انوار الصناعه","W2S7111368","KY3252CI","عادل","زيارة","76041","195581","5/16/2026 12:00:00 AM","مرغم الضمان(10000) نسخة","1225733800","",""
"1429","حسين صقر","W2S7212997","KY3252CI","مجدى","زيارة","","","","السلطان حسين","1007752548","",""
"","ذا فريست ( رفيع )","W2S7315417","KY3252Ci","شعبان","زيارة","609286","178699","","المراغى -- الضمان(10000) نسخة","1156644676","01222302855",""
"","بيت الجملة فرع ( اللوتس )","W2S7315616","KY3252CI","وائل","ايجار","274232","166447","","مدينة نصر","","",""
"1524","شركة فلوكيجر","W2S7315701","KY3252CI","مجدى","صيانة","155406","45313","4/1/2027 12:00:00 AM","ضمان 1000 نسخه","1154042556","01278642080 -ا/ محمد الدسوقي",""
"2003","المصرية للخدمات الزراعية والتجارة","W2S7315991","KY3252CI","مجدى","ايجار","802970","113073","","ش / فؤاد","1099777951","شريف شتا",""
"1821","التجارية للاخشاب الحاسب الالي","W2S7316452","KY3252CI","مجدى","مطلوب عقد","171658","303113","5/17/2026 12:00:00 AM","الورديان","1227614291","03/4412840",""
"769","شركة ايطاليانوا","W2S7316565","KY3252Ci","طارق","زيارة","164320","","","برج العرب -- المنطقة الصناعية الاولى","1207846332","ا / وليد",""
"1818","شركة انوار الصناعه","W2S7623222","KY3252CI","عادل","زيارة","37730","42654","5/16/2026 12:00:00 AM","مرغم الضمان(10000) نسخة","1225733800","",""
"1886","حسين صقر","W2S7624612","KY3252CI","مجدى","زيارة","1115608","197612","","استانلى","","",""
"1410","محمود عبد الحليم الجندى","W2S7725345","KY3252ci","عادل","زيارة","50416","38418","12/11/2025 12:00:00 AM","-كوم البركه  كفر الدوارالضمان (5000) نسخة","1286017333","",""
"","تارجت","W2S7726435","KY3252CI","مجدى","ايجار","99855","231079","3/22/2027 12:00:00 AM","ش - وابور المياه","","",""
"1596","مكتبة رقيه","W2S7727064","MFP3252","عادل","زيارة","453088","246522","1/16/2026 12:00:00 AM","أبو حمص - ضمان ستة أشهر أو عشرة آلاف نسخة","1016196488","أ/ محمد الشرقاوى 01114942842",""
"1838","الحديثة للمواد العازلة","W2S7928515","KY3252CI","رضا","زيارة","466761","161165","2/24/2026 12:00:00 AM","روكسى/ مصر الجديدة --الضمان 3شهور او 5000نسخه","02/24141003","",""
"1839","الحديثة للمواد العازلة","W2S7X33542","KY3252","رضا","زيارة","120450","1329914","2/24/2026 12:00:00 AM","روكسى/ مصر الجديدة --الضمان 3شهور او 5000نسخه","02/24141003","",""
"1667","الحصري للطباعه","W2S8238688","KY3252CI","رضا","زيارة","91673","62448","2/17/2026 12:00:00 AM","ابوسليمان","1202738364","",""
"1460","المجموعة الهندسية للمقاولات","W2S8238789","KY3252 ci","مجدى","زيارة","105321","39889","12/1/2025 12:00:00 AM","2 عمارات الشرطة القديمة الدور السادس الضمان10000ن او6شهور","1099913986","م/محمد حسن",""
"1546","مرسى الصفوه","W2S8340112","KY3252CI","مجدى","زيارة","504877","27040","6/22/2025 12:00:00 AM","6 اشهراونسخه10000","1285004177","",""
"","مكتبة خديجة","W2S8440662","KY3252CI","شعبان","زيارة","215404","96474","6/3/2026 12:00:00 AM","باكوس -- ش/ سينما ليلى","01012562751","",""
"1533","بيتر مينا سمير","W2S8441230","KY3252CI","رضا","زيارة","345741","158094","5/15/2025 12:00:00 AM","ضمان 6اشهر او10000نسخه","1273844675","ابو المطامير",""
"776","شركة ايطاليانوا","W2S8441423","KY3252Ci","طارق","زيارة","236742","","","برج العرب -- المنطقة الصناعية الاولى","1207846332","ا / وليد",""
"1443","شركة برلين للتجارة والتصدير","W2S8542364","KY3252ci","مجدى","زيارة","42245","43017","11/21/2025 12:00:00 AM","محرم بيك الضمان 10000 او6 شهور","1112554411","01207646944 محمد ابراهيم",""
"1813","مكتبة الرواد","W2S8846682","KY3252CI","شعبان","زيارة","150191","147686","5/15/2026 12:00:00 AM","شارع وينجت بعد المزلقان","1004259308","ا/ سعيد عبد النبي",""
"1566","يوسف تكنولوجى","W2S8846711","KY3252CI","رضا","زيارة","202104","99486","1/4/2026 12:00:00 AM","114 راغب جامع سلطان - محطة مصر","1201431561","أ. يوسف مصطفى كامل",""
"944","شركة ايطاليانوا","W2S8848223","KY3252Ci","طارق","زيارة","348936","","","برج العرب -- المنطقة الصناعية الاولى","1207846332","ا / وليد",""
"1820","شركة انوار الصناعه","W2S8Y51937","KY3252CI","عادل","زيارة","145861","10163","5/16/2026 12:00:00 AM","مرغم الضمان(10000) نسخة","1225733800","",""
"2214","بيت الجملة ( برج العرب الادارة )","W2W6600589","KY2552CI","السيد","ايجار","233615","72219","","برج العرب الجديد بجوار الموقف","","",""
"1450","مكتبة النجاح","W2W6701679","KY2552CI","شعبان","زيارة","218432","63790","4/8/2025 12:00:00 AM","خورشيد","1277738880","ا / رامى ( 01284774999 )",""
"1038","التميز","W2W6X06214","KY2552CI","شعبان","ايجار","479460","7160","","ونجت","1223097735","سماح",""
"1625","شركة ميسكو الاستاد (اللتون)","W2W6X06457","KY2552C","مجدى","ايجار","65615","231446","","خلف/ استاد الاسكندرية - الدور الثانى","","",""
"","بيت الجملة فرع العبور الادارة 2 HR","W2W6Y07632","KY2552CI","وائل","ايجار","44071","103468","","العبور","","",""
"1581","مكتبة على الناصية","W2W6Z09089","MFP2552","شعبان","زيارة","188179","48836","1/11/2026 12:00:00 AM","السيوف - الضمان ستة أشهر أو عشرة آلاف نسخة","1029869317","علاء إبراهيم عبد الحميد",""
"1462","الشركه الهاشميه","W2W6Z10935","KY2552ci","رضا","زيارة","120023","42891","9/2/2025 12:00:00 AM","الضمان (10000) نسخة المنصورة","1004618656","ا/ محمود عماد",""
"1745","ح / سعد على","W2W7317778","KY2552CI","عادل","زيارة","24005","121219","","خورشيد","1286753990","عيل تبع ايمن الجمال",""
"1946","شركة الخديوى","W2W7317782","KY2552CI","شعبان","زيارة","29264","258820","4/19/2026 12:00:00 AM","العوايد - عزبة القلعة","01069070348","ا / سمير شلتوت",""
"194","مؤسسة حسن عباس","W2W7317796","KY2552CI","شعبان","زيارة","64261","191148","","","","",""
"1484","أ/ كوثر محمد عبد السلام","W2W7418320","KYP2552","رضا","زيارة","57616","66926","12/16/2025 12:00:00 AM","79 شارع سيدى جابر- ( الضمان 10000)","1277363789","أ/ كوثر",""
"1465","طيبة للصرافة","W2W7418950","KY2552","شعبان","صيانة","27362","55343","12/7/2026 12:00:00 AM","جليم  - بجوار مستشفى الجهاز الهاضمى","1006034825","03 / 5850856  -- 01129856602",""
"1740","علي امبروزو سجل محرم","W2W7419054 ش","KY2552CI","","ارشيف","271147","118707","","امبروزو","1271840522","",""
"1640","ذا فيكتور","W2W7419806","MFP2552","شعبان","ايجار","214626","271321","8/6/2026 12:00:00 AM","بجوار مصنع الشنط السكة الحديد","1119995560","01097748899",""
"1760","مدرسة الصالحية الاعدادية المسائية","W2W7520547","KY2506CI","شعبان","زيارة","88787","43952","4/12/2026 12:00:00 AM","كوبرى الناموس","01222941594","ا / ماجدة",""
"1943","المصرية للخدمات الزراعية والتجارة","W2W7520685","KY2552CI","مجدى","ايجار","141281","60792","","ش / فؤاد","1099777951","شريف شتا",""
"1396","مصنع نوفا","W2W75220685","KY2552ci","مجدى","زيارة","","","","","","",""
"1504","ا / صباح احمد عبد العال","W2W7622300","KY2552CI","شعبان","زيارة","60274","169682","5/16/2025 12:00:00 AM","الفلكى - عزبة زقزوق","1210080107","",""
"1889","بيت الجملة فرع العبور( التسويق)","W2W7723674","KY2552CI","وائل","ايجار","10631","35926","","الالة اللوان وحسابها 4000 جنية شهريا","","",""
"1030","زينب حامد","W2W7827399","KY2552CI","مجدى","زيارة","511442","6750","","","","",""
"","بيت الجملة فرع ابو سليمان","W2W7828843","KY2552CI","السيد","ايجار","142699","148069","","ش / الترعة المردومة","","",""
"1943","ايليت الطبية ( التحصيلات )","W2W7931552","KY2552CI","شعبان","ايجار","244391","266756","","الطريق الدائرى قبل كارفور","1559993069","الايجار 1100 جنية",""
"1421","اله تبع ايمن الجمال","W2W7X32567c","KY2552ci","ايمن","زيارة","","","","","","",""
"","ايليت الطبية ( الباطنة )","W2W7Z36856","KY2552CI","شعبان","ايجار","225024","14327","","الطريق الدائرى قبل كارفور","01146766691","احمد عزت",""
"1294","شركة ميسكو (شئون قانونية)","W2W8239947","KY2552CI","مجدى","ايجار","61769","207621","","خلف/ استاد الاسكندرية","1202767777","01283829774",""
"1945"," مطبعة دريم ارت","W2W8240111","KY2552CI","مجدى","زيارة","112295","172069","4/18/2026 12:00:00 AM","ش ايزيس","1207266803","مصطفى نيازي",""
"1953","الشيخ محمود الشرقاوى","W2W8341221","KY2552CI","شعبان","زيارة","78665","70250","","بجوار الشركة","1222353604","",""
"1445","بلا سنتاجرو","W2W8341630","KY2552ci","مجدى","زيارة","26865","24596","11/25/2025 12:00:00 AM","الضمان 10000 نسخه سبورتنج","1011620027","",""
"1971","قسم الرمل اول (مركز الصلاح)","W2W8342291","KY2552CI","شعبان","زيارة","35972","95353","5/1/2026 12:00:00 AM","الضمان(5000)نسخة","","",""
"1766","ابو مجدى","W2W8442635","KY2552CI","كريم","زيارة","42877","15757","","ش 45 العصافرة","","",""
"1398","شركة ماسترز","W2W8443435","KY2552ci","","زيارة","25858","17226","6/5/2026 12:00:00 AM","جليم* امام نادى المنهدسين","1101212812","مدحت نصر",""
"2081","بيت الجملة فرع ( اللوتس )","W2W8443617","KY2552CI","وائل","ايجار","111275","223885","","","","",""
"2212","بيت الجملة (بركة السبع)","W2W8747946","KY2552CI","وائل","ايجار","359209","100742","","المنوفية  -- بركة السبع","1211667301","م / وائل المنوفية",""
"1472","شركة انوار الصناعه","W2W8948686","KY3252CI","عادل","زيارة","36949","26656","12/13/2025 12:00:00 AM","مرغم الضمان(10000) نسخة","1225733800","",""
"1451","ا / سامح احمد عدلى","W2W8952150","KY2552CI","رضا","زيارة","248077","144601","4/25/2025 12:00:00 AM","بجوار عيادة د / محمد عبد العال","1273742405","01155622889",""
"1529","هاى اسكول","W2W8Y57050","MP2552CI","شعبان","ايجار","714124","199703","","ش ونيجت","1012330580","",""
"","استوديو النصر","W2W8Z58194","KY2552CI","شعبان","ضمان","21139","86727","9/2/2026 12:00:00 AM","سموحة","1212324402","ا / خالد عصام",""
"2080","مؤسسة ادك للتنميه","W2Z7736328","KY3252CI","تامر","ضمان","311343","574193","10/26/2026 12:00:00 AM","سيدي بشر قبلي ش الصداقه بجاور عطارة المحمديه--الضمان(10000)نسخه","01204656339","عندليب محمد السيد مرسي",""
"966","مصنع جرين هاند","W3009604104","MP 171","يحيي","زيارة","","","","برج العرب","1002566667","ح / عنتر",""
"","بيت الجملة فرع سموحة (الدرك ستور) 1","W3009605707","MP171","السيد","ايجار","154967","","","سموحة","","",""
"812","التجارية للاخشاب ( القاهرة)","W3018503291","MP 201","طارق","زيارة","34736","","10/8/2024 12:00:00 AM","القاهرة -- الضمان ( 10000) نسخة","1227614291","03/4412840",""
"1752","ا / شريف حسن","W3018700516","MP201","شعبان","زيارة","","","","سموحة","1067000845","",""
"1057","اكاديمية نافذة الخير","W3018700677","MP201","السيد","زيارة","152445","","11/12/2024 12:00:00 AM","ش  - الجمهورية","1116565796","",""
"453","مكتبة ليلى","W3018710826","MP201","ايمن","زيارة","69731","","3/19/2023 12:00:00 AM","العجمى الهانوفيل -- الضمان (3000) نسخة","1202648749","",""
"225","شركة النيل للنقل البري","W3018902432","mp201","مجدى","زيارة","","","5/1/2026 12:00:00 AM","ميناء الدخيلة","1201215434","عقد صيانة شامل / تجديد ربع سنوى",""
"1075","ا / عز الدين","W3019105281","MP171","شعبان","زيارة","","","","محرم بيك -- خلف شركة بروتال","1289671859","",""
"111","ا / هشام جويدة","W3019105595","mp201","ايمن","زيارة","","","","المينا / مدير الصادرات والواردات","","",""
"549","قسم رمل ثان (السجن)","W3019207536","MP201","اسامة","زيارة","","","","مأمور السجن","","",""
"269","كونكت وليد زكريا","W3019208130","mp201","شعبان","زيارة","127125","","12/11/2022 12:00:00 AM","الحضرة","1201435159","01275616179",""
"218","بيت الجملة فرع اكتوبر سيلفر مول 21","W3019303200","MP201","","ارشيف","","","","فرع اكتوبر","","",""
"","بيت الجملة فرع العبور الادارة 2","W3019317346 ش","MP201","","ارشيف","","","","العبور","","",""
"1299","بيت الجملة ( برج العرب )","W3019400099 ش","MP201","","ارشيف","173866","","","برج العرب -- المخازن","","",""
"1106","ايليت الطبية ( التحصيلات )","W3019400107 ش","MP201","","ارشيف","478493","","","الطريق الدائرى قبل كارفور","","",""
"","بيت الجملة فرع المنشيه","W3019400107 شش","MP201","","ارشيف","533225","","","المنشيه","","",""
"1572","قسم شرطة محرم بك","W3019408394","MP201","مجدى","زيارة","161646","","","صيانة","","",""
"1731","ا / اسلام حلمى","W3019507677","MP201","يحيي","زيارة","","","","","","",""
"1235","نادى النصر(قاعة جراند سيرينا)","W3019703495","MP 201","رضا","زيارة","130303","","10/29/2024 12:00:00 AM","سموحة / بجوار مسجد قباء","1033503001","ا / محمد عمران (01220266020 )",""
"500","الادارة المركزية اقليم غرب","W3028610381","MP201","اسامة","زيارة","84291","","","دمنهور-- ( اقليم صرف غرب الدلتا )","","مدرية الرى",""
"585","ا / عماد المحامي","W3028610597","MP161","شعبان","زيارة","","","","نزلة حجر النواتية","1226794381","",""
"1607","أ / خالد","W3028613213","MP201","يحيي","زيارة","505368","","","بالورشة","1288933691","تبع ايمن ابو زيد",""
"1989","اليكترو الحبشى","W3028616307","MP201","ياسين","زيارة","","","","اسلام -- برج العرب","01100957683","01200667886",""
"748","ا/ محمود احمد القوني","W3028617658","MP201","يحيي","زيارة","","","","المكتب","1115377555","",""
"","بيت الجملة التجمع الخامس دليفرى","W3028706698 ش","MP201","","ارشيف","20752","","","غرفة مدير الفرع","","",""
"350","معرض الامام للسيارات","w3028708024","mp201","طارق","زيارة","79333","","5/2/2022 12:00:00 AM","ش 16 ابوسليمان","1227595481","",""
"1044","ا/احمد خليفه","W3028712062","MP201","مجدى","زيارة","205183","","","","","",""
"975","احمد شمبليون","W3028714201","MP161","شعبان","زيارة","","","","شارع السلطان حسين","1550095115","",""
"950","ا / احمد عبد العزيز","W3028714305","MP161","شعبان","زيارة","","","","لوران ش / شعراوى","1111113618","",""
"900","حلوانى مارفيل","W3028715627","MP201","وسام","زيارة","","","","","","",""
"224","بيت الجملة فرع الجولف 2","W3028717169 ش","MP201","","ارشيف","","","","الجولف","","",""
"1571","شركة بايونير","W3028717456","MP301","","زيارة","317879","","","34 شارع أبى الدرداء أمام قسم اللبان الدور الثالث","","تبع م/ خالد البربرى",""
"858","ا / اسامة عبد الحميد","W3028804035","MP201","شعبان","زيارة","","","","تعاونات سموحة","1005008221","",""
"1951","مؤسسة حسن عباس","W3028804278","MP201","شعبان","زيارة","","","","","","",""
"951","ام السيد ( عبد القادر)","W3028804955","MP161","السيد","زيارة","","","","مدخل عبد القادر-- العامرية","1225067227","",""
"789","مصنع التوحيد","W3028905620","MP 201","مجدى","زيارة","","","","كفر الدوار","1279588593","01204344446",""
"","بيت الجملة فرع مدينتي كرافيت","W3029007187 ش","MP201","","ارشيف","","","","مدينتى","","",""
"1286","الشيخ بشير","W3029103323","MP 201","يحيي","زيارة","","","","","1286835659","",""
"3","الحياة للطب النفسي","W3029105256","MP201","شعبان","زيارة","","","","","1022992223","",""
"857","ا / محمود عبد الخالق","W3029106370","MP201","","زيارة","108048","","5/22/2023 12:00:00 AM","الضمان(5000)نسخة","1277177741","",""
"942","مدرسة تقسيم الزهور","W3029202862","MP161","شعبان","زيارة","","","","المعمورة","1091189047","ا / سكينة",""
"2067","مستشفى الايطالى","W3029204190","MP201","شعبان","زيارة","","","","الحضرة","","تبع عبد الرحمن المحاسب",""
"554","ا / عبد الرازق (المحامى)","W3029208278","MP201","شعبان","زيارة","46916","","9/18/2023 12:00:00 AM","1 ش / القادسية جانوتي","1289818649","باقي حساب الالة 500 جنية يتم التحصيل يوم 30/5/2023",""
"","بيت الجملة فرع العبور الادارة","W3029300612","MP201","وائل","ايجار","254948","","","العبور","","",""
"886","بيت الجملة التجمع الخامس(المشتريات)","W3029301612 ش","MP201","","ارشيف","225766","",""," التجمع الخامس","1066089386","ا / ايمن",""
"1115","ا / حسن على الكومى","W3029302872","MP 201","شعبان","زيارة","","","","الحضرة - ش الازالة","1202886725","01003772918",""
"","اليكترو الحبشى","W3029310309","MP201","يحيي","زيارة","","","","اسلام -- برج العرب","01200667886","اسلام",""
"828","ا/ محمد عبد العال","W3029310368","MP 201","","زيارة","","","","ش/ الريف غيط العنب","1281351310","01278880203",""
"266","فاست لاين مدام وفاء","W3029310830","mp201","ايمن","زيارة","","","3/10/2023 12:00:00 AM","الميناء","","",""
"274","مصنع التوحيد","w3029401342","MP 161","مجدى","صيانة","","","1/31/2027 12:00:00 AM","كفر الدوار","1279588593","01204344446",""
"1578","م / محمد سلطان","W3029401673","MP201","يحيي","زيارة","142620","","","بالورشة","1289554221","",""
"1311","ا / معتصم ممدوح بدر","W3029504235","MP 201","السيد","زيارة","74678","","10/6/2024 12:00:00 AM","بجوار الشركة -- الضمان (5000) نسخة","1277300229","ا / شرين (01270441987)",""
"538","مستشفى اليكس(الارشيف)","W3029601980","MP201","شعبان","زيارة","","","","رشدي","","",""
"711","ا / نسرين ( بندق)","W3029601988","MP201","ايمن","زيارة","","","","داخل المينا","","",""
"2154","اليكترو الحبشى","W3029603738","MP171","يحيي","زيارة","","","","اسلام -- برج العرب","01200667886","اسلام",""
"","بيت الجملة فرع المنشيه","W3029603738 ش","MP201","","ارشيف","","","","المنشيه","","",""
"","بيت الجملة ( برج العرب )","W3038502528 ش","MP201","","ارشيف","285152","","","برج العرب --مكتب الاستلام","","",""
"719","شركة فورس","W3038503616","MP201","","زيارة","","","","امام مدرية الامن القديمة","1206533662","01202228445",""
"1039","مستشفى نيل الامل","W3038704708","MP 201","شعبان","زيارة","","","","المخزن","","",""
"11","فندق امون","W3038704809","MP201","","زيارة","","","","","","",""
"733","مايكل (تامينات)","W3038800122","MP 171","يحيي","زيارة","","","","تامينات محرم بيك","1210501733","مايكل",""
"847","ا / فتحى شحاتة عبد السلام","W3039102078","MP 201","رضا","زيارة","126081","","2/17/2024 12:00:00 AM","عزبة خورشيد -- الضمان ( 3000) نسخة","1222368607","",""
"228","بيت الجملة فرع الحديد والصلب","W3039301411 ش","MP201","","ارشيف","","","","الحديد والصلب","","",""
"","بيت الجملة فرع التجمع الثالث 1 / مخزن","W3039301417","MP201","وائل","ايجار","","","","التجمع الثالث","","",""
"","بيت الجملة فرع العبور / السكن","W3039301420","MP201","وائل","ايجار","","","","العبور","","",""
"1753","فاست ترانس","W3039401773","MP201","مجدى","صيانة","","","5/31/2027 12:00:00 AM","محطة مصر بجوار استاد اسكندرية","01067000845","ا / شريف حسن",""
"836","عبد الرحمن (الصالحية)","W3039502183","MP201","رضا","زيارة","46681","","1/30/2024 12:00:00 AM","ش / المواسير بجوار قهوة علاء -- الضمان (5000) نسخة","1200813885","ا / عبد الرحمن صابر",""
"226","بيت الجملة فرع الجولف 1","W3039502523 ش","MP201","","ارشيف","","","","الجولف","","",""
"986","ا / على عبد المجيد","W3039600521","MP 201","شعبان","زيارة","","","","ابو سليمان ش / الشركة العربية","1001340995","",""
"1040","مستشفى نيل الامل","W3039600594","MP 161","شعبان","زيارة","","","","العيادات","","",""
"","بيت الجملة فرع انشاص","W3039603149","MP201","وائل","ايجار","147637","","","انشاص","","",""
"589","شركة ميسكو (جلوب لينك)","W3048504064","MP201","مجدى","ايجار","20552","","","ش / السلطان حسين ( الريسبشن )","1203000125","ا / شحاتة",""
"1258","سنتر Create","W3048504869","MP201","السيد","زيارة","496662","","","كفر عبدة","1158782060","01555961426",""
"","بيت الجملة (شبين الكوم) HR","W3048603999","MP201","وائل","ايجار","227906","","","المنوفية -- شبين الكوم","1211667301","م / وائل المنوفية",""
"903","د / محمد شكرى (اليكس اسكان)","W3049200494","MP201","شعبان","زيارة","","","","","","",""
"609","كاربت سيتى","W3049404951","MP201","مجدى","زيارة","","","","المنشية / عمارة شيكوريل","1028379459","",""
"1297","مصنع ستورم لاين للملابس","W3049500965","MP201","شعبان","زيارة","","","","الحضرة","1065104944","ا / كريم",""
"1556","الشيخ بشير","W3058502550","MP201","رحيم","زيارة","225765","","","","1286835659","تم تغيير شاسية ودرام",""
"1492","المحيط للتخليص الجمركى","W3058600866","MP201","كريم","زيارة","28620","","","","","",""
"","بيت الجملة فرع الحصرى 1","W3058603986","MP201","","ارشيف","178773","","","القاهرة -- الحصرى","","ا / احمد ابو العنين",""
"705","شركة بيجان","W3058604601","MP 201","شعبان","زيارة","","","","خورشيد / بعد المقابر","1272389327","ا / محمد حسن",""
"","بيت الجملة ( برج العرب )","W3059001259 ش","MP201","","ارشيف","","","","مكتب المشترايات","","ا / كمال",""
"1719","ادوية السيوف ا / مريم","W3059100631","MP201","شعبان","ايجار","195675","","6/30/2027 12:00:00 AM","السيوف","1090718182","",""
"","بيت الجملة فرع المعادي 1","W3059100631 ش","MP201","","ارشيف","","","","المعادي 1","","",""
"","بيت الجملة ( برج العرب )","W3059100631 شش","MP201","","ارشيف","232982","","","مكتب الادارة","","ا / عمرو",""
"1338","بيت الجملة فرع التجمع التالت","W3059101738 ش","MP 201","","ارشيف","30661","","","التجمع الثالث ( تسليم م / رضا صبحى )","","",""
"1088","شركة البارودى","W3059101749","MP201","رضا","زيارة","13860","","11/19/2024 12:00:00 AM","المنشية -- شارع النصر","1554562411","ا / كريم صلاح",""
"221","بيت الجملة فرع التجمع الثالث 2","W3059300425 ش","MP201","","ارشيف","","","","التجمع الثالث","","",""
"130","مخزن مستلزمات طبية","W3059300511","mp201","","زيارة","","","","محطة  ترام سيدي جابر","","",""
"856","مكتب ماهر المحامى","W3059300835","MP201","","زيارة","","","","","","",""
"977","مستشفى نيل الامل","W3059301884","MP 201","شعبان","زيارة","","","","ميامى","1115142200","ا / احمد حليم",""
"","بيت الجملة ( برج العرب )","W3059401797 ش","MP201","","ارشيف","","","","مكتب الاستلام","","",""
"244","بيت الجملة فرع محرم بك (المخازن)","W3059500770 ش","MP201","","ارشيف","","","","محرم بك","","",""
"14","بيت الجملة التجمع الخامس (الاستعلامات)","W3059500770ش","MP201","","ارشيف","145036","","","","","",""
"1105","ا / عبد العزيز احمد (المحامى)","W3059600686","MP201","رضا","زيارة","35585","","12/27/2024 12:00:00 AM","كوبرى الناموس -- شارع مكة","1116996115","01281414569 - 035003289",""
"238","بيت الجملة فرع سموحة (الدرك ستور)","W3068600121","MP201","","ارشيف","","","","سموحة","","",""
"2195","ا / احمد ثابت (المأزون الشرعى)","W3068601188","MP201","السيد","زيارة","","","","ش / بطل السلام امام الترعة المردومة","01281434762","",""
"70","الاكاديمية  مركز التصوير","W3068700700","mp201","مجدى","صيانة","","","8/31/2026 12:00:00 AM","المنتزة","1272796901","",""
"1300","محل فران ( خالد فران )","W3068701285","MP201","شعبان","زيارة","","","","سموحة -- بجوار التامين الصحى","1206346529","",""
"","بيت الجملة ( برج العرب )","W3068701980","MP201","السيد","ايجار","85426","","","برج العرب -- مكتب المدير","","",""
"1976","محمد صابر ( قسم الرمل)","W3069201350","MP201","يحيي","زيارة","318665","","","","1275429535","",""
"515","يونيتد انجينير2000","W3069300886","MP201","مجدى","زيارة","71051","","8/13/2023 12:00:00 AM","ش/ فوزي معاز--سموحة بلاس--الضمان(5000)نسخة","1224160645","ا / سلامة",""
"","بيت الجملة فرع العبور الادارة 1","W3069400438 ش","MP201","","ارشيف","","","","العبور","","",""
"","بيت الجملة فرع الجولف 1","W3069402234 ش","MP201","","ارشيف","170474","","","","","",""
"1438","الجامعة الاهلية","W317301806 ش","KY6002i","","ارشيف","","","","بجوار الشركة","1208309372","ا / احمد عرفان",""
"2037","مكتبة ابو البنات","W317902609","KY6002CI","رضا","زيارة","","","","تبع الشركة الدولية م محمود صبرى -- المندرة قبلى","01206477687","احمد جيدا",""
"2038","مدرسة ايليت","W317X02643","KY6002CI","تامر","زيارة","770409","","","مدينة الحمام","01226772476","ميس رضوى",""
"1436","الجامعة الاهلية","W318703328 ش","KY6002i","","ارشيف","","","","بجوار الشركة","1208309372","ا / احمد عرفان",""
"2134","مكتب السيسى","W318Y03858","KY6002I","رضا","زيارة","","","","","","",""
"","الجامعة الاهلية","W318Y03860 ش","KY6002I","","ارشيف","2345914","","","بجوار الشركة","1208309372","ا / احمد عرفان",""
"1844","المدرسة الفرنسية (الشاطبى)","W318Y03863","KY6002I","رضا","زيارة","643276","","","الشاطبي","","تبع خالد البربري",""
"1845","المدرسة الفرنسية (الشاطبى)","W318Y03932","KY6002I","رضا","زيارة","1157725","","","الشاطبي","","تبع خالد البربري",""
"1022","مكتبة الكبير( النهضة)","W334M820553","MP2501","","زيارة","19624","","","البرج -- النهضة","1009578524","ح / جمعة علام",""
"994","بقالة مكة (ابو يس)","W357503058","KY5002","طارق","زيارة","","","","النابورية","01281448489","حمدى زلط",""
"1380","سباير فارما","W357503070 ش","KY5002i","","ارشيف","678248","","4/26/2026 12:00:00 AM","ش الريادة حدائق السرايا نموذج H","1022617411","",""
"15","مكتبة الشيماء","W357503121","KY5002i","","ضمان","","","","الناصرية","","",""
"846","سما رين ( الدخيلة )","W357703589","KY5002","السيد","زيارة","","","","اسامة فيصل حمدان حافظ -- الدخيلة","","",""
"670","جمعية الغربية لتنمية المجتمع","W387805065","KYC300","رضا","زيارة","","","","الابراهيمية","1207446572","",""
"401","مدرسة  طة حسين","W3929000144","MP 171","يوسف","زيارة","","","","فلمنج / ش مصطفي كامل","1223592012","",""
"1949","ايليت الطبية","W396301104","KY350CI","شعبان","زيارة","","","","الطريق الدائرى قبل كارفور","01146766691","احمد عزت",""
"2188","مكتب تصريح العمل","W396402125","KY350CI","رضا","زيارة","247693","88316","","سموحة امام مول زهران","","تبع اللواء سعد",""
"","بيت الجملة (شبين الكوم) الاستلام","W397503117","KY350CI","وائل","ايجار","160400","41799","","المنوفية -- شبين الكوم","1211667301","م / وائل المنوفية",""
"","بيت الجملة فرع التجمع التالت التسويق","W397Y04149 ش","KY350C","","ارشيف","159061","31442","","القاهره-التجمع الثالث","","",""
"1502","اسلام الشافعى","W398Y06575","KY350Ci","رضا","زيارة","","","","على الطريق الدائري","12201021","اسلام الشافعى",""
"1704","يونى فريش الزاعية","W399808134","KY350CI","مجدى","زيارة","19958","68642","12/15/2025 12:00:00 AM","سيدى جابر","1200032003","ا / حسام القاضى",""
"2130","مكتبة فريندز","شw3a6600521","KY400CI","","ارشيف","188579","82377","9/6/2026 12:00:00 AM","شارع الزيت من ش/عشرين","1270590785","كريم ابراهيم",""
"2166","شركة الامير للاخشاب","W3A6600537","KY400CI","رضا","زيارة","180093","15853","","الالة مباعة جملة بدون ضمان","","الانصارى",""
"1491","مكت الدكتور / هشام عبد الخالق","W421KA00920","MP2852","شعبان","زيارة","364643","","","فلمنج بجوار أبو كمال","1222312493","5852756","01114223379"
"2207","مكتبة هاى كوالتى","W431K900134","MP3352","يحيي","زيارة","","","","برج العرب الجديد المدينة بجوار فرج الله","01284946346","",""
"448","ا/ احمد عاصم العدل","W431K900134  ش","MP3352","","ارشيف","351544","","1/20/2025 12:00:00 AM"," سيدى بشر- ش/عقلي باشا","01226086799","01285834702",""
"385","مكتبة ام جى","W431K900560","MP3352","شعبان","صيانة","733544","","7/12/2027 12:00:00 AM","ش/المواسير ابو هريرة","1289479407","",""
"479","مكتبة علياء","W431K900636","MP3352","شعبان","زيارة","93360","","6/6/2023 12:00:00 AM","فلمنج -- ضمان (10000)الاف نسخة","1287657520","01012095558 ** 01289034667",""
"55","الادارة العامة ( شرطة التموين)","W431KC00215","MP3352","مجدى","زيارة","237222","","4/9/2023 12:00:00 AM","مدرية الامن القديمة","","",""
"390","مطبعة الشريف","W431KC00286","MP3352","شعبان","زيارة","182698","","1/14/2023 12:00:00 AM","ابو سليمان ش/ منشية الزهراء -- الضمان(5000) نسخة","1127048780","01221570420",""
"1138","مكتب ا/ محمد سعيد","W432K200214","MP3352","ايمن","زيارة","","","","الميناء","","",""
"608","فادى سجلات الدخيلة","W4492001152","MP2500","يوسف","زيارة","","","","مركز اصدار البطاقات","1002271483","",""
"1413","مكتبة مكتبتي ( عبير )","W492K502031","MPC 3002","شعبان","زيارة","189507","81685","3/18/2025 12:00:00 AM","جميلة ابو حريد - السيوف","1111945967","  ا/ حسام",""
"909","مكتبة تريند","W492K502412","MPC4502","طارق","زيارة","","","","بجوار جامعة فاروس","1000011536","",""
"604","ا / محمد جمال ( الميناء )","W492K503471","MPC3002","ايمن","زيارة","607575","426991","11/20/2023 12:00:00 AM","الميناء --- الضمان (15000) نسخة","","ا / رنا",""
"1782","سنتر اسكاى SKY","W492K601422","MPC3002","رضا","زيارة","","","","","","",""
"64","الاكاديمية  مركز التصوير","W492K604744","mpc3002","مجدى","صيانة","","","8/31/2026 12:00:00 AM","المنتزة","1272796901","",""
"427","شركة مياة الشرب القطاع المالي","W492K701477","MPC3002","ايمن","زيارة","718258","718258","5/16/2023 12:00:00 AM","شارع فؤاد (باب شرق) -- تم نقل الالة الى توشكا","","او ضمان (10 الاف نسخة)",""
"673","سنتر المستر","W492K702031","MPC 3002","شعبان","زيارة","","","","السيوف ش/ جميلة ابو حريد","","تبع م / رضا القدس",""
"1739","ايجى للحلول الهندسية","W492K702320","MPC3002","مجدى","زيارة","141990","199684","4/1/2026 12:00:00 AM","تم نقل الالة الى محمد نجيب","1062373051","01118576295",""
"1241","مكتبة الصفا","W492K705039","MP3002","مجدى","زيارة","","","","","","",""
"","مصنع التوحيد","W492K801510","KY2503CI","","ارشيف","","","4/25/2026 12:00:00 AM","كفر الدوار","","",""
"798","شركة تاج لتجارة الكيماويات","W492K801883","MPC3002","مجدى","زيارة","405537","175579","8/24/2026 12:00:00 AM","سيدي جابر اسبورتنج ع الترام","1063337537","ا/ بسمه محمد",""
"138","ايفرست / سعودى","W492kA01765","mpc3002","شعبان","صيانة","","","12/30/2026 12:00:00 AM","جانكليس","1283982389","03/5841510",""
"270","لغة العصر","W492KA03580","MPc3002","طارق","زيارة","278630","110217","11/30/2022 12:00:00 AM","باكوس","1143653834","",""
"1744","ايليت الطبية ( الباطنة )","W492KB02927 ش","MPC3002","","ارشيف","484966","220167","","الطريق الدائرى قبل كارفور","1559993069","الايجار 1100 جنية",""
"1393","شركة لاكشرى للمقاولات","W492KB02927شش","MPC3002","","ارشيف","468229","217552","","10000 نسخه والزياده 15 قرش","","",""
"1958","مكتبة H M A","W492KB05283","MPC3002","شعبان","زيارة","324382","220767","4/26/2026 12:00:00 AM","طوسون","01030926288","مصطفى اسماعيل",""
"572","مصنع التوحيد (الجديدة)","W492KB05283 ش","MPC3002","","ارشيف","322373","204299","8/3/2023 12:00:00 AM","كفر الدوار","1279588593","01204344446",""
"817","مكتبة توفيق الحكيم","W492KC02611","MPC3002","يوسف","زيارة","","","","النابورية / قرية توفيق الحكيم","1123764388","م / مصطفى امين",""
"1319","نادى الجياد (الادارة الماليه)","W492KC02634","MPC3002","شعبان","صيانة","879561","246817","5/31/2027 12:00:00 AM","سموحة","1275361982","ا / محمود",""
"","ميتاس  للتصميمات","W493K102937","mpc3002","شعبان","زيارة","","","6/26/2022 12:00:00 AM","رشدي","1226261620","01277360993",""
"610","شركة المؤ يد","W493K201306","MPC3002","شعبان","زيارة","","","","تعاونات سموحة عمارة97 خلف مدرية الامن","1224891434","01115768015",""
"754","مكتبة ناصر","W493K201714 ش","MPC3002","","ارشيف","124209","125456","3/4/2024 12:00:00 AM","غبريال - بجوار مستشفى امنة -- الضمان (10000) نسخة","1210783140","",""
"597","شركة الاسراء A .B .S","W493K203775","MPC3002","اسامة","زيارة","97536","115729","8/13/2023 12:00:00 AM","كفر الدوار --- الضمان (5000) نسخة","1150503500","ا / احمد حجار",""
"1395","شركة الشريف للتصدير","W493K203994","MPC3002","شعبان","زيارة","137162","53324","3/22/2025 12:00:00 AM","35 شارع احمد حافظ برج الاطباء سيدي بشر بحري--","1006631396","ا/ شريف عطية --035712191",""
"1042","دلتا النيل للانشاءات","w493k502776 ش","MPC3002","","ارشيف","175222","269271","","محرم بك  الدون تاون","1007090781","ا / شريف",""
"282","نادى الجياد (الادارة الهندسية)","W502K700261","mp3502","شعبان","زيارة","","","","سموحة","1275361982","",""
"281","ا / هانى وليم","W502K900658","MPc3502","مجدى","زيارة","568290","307219","","","1223736116","",""
"1408","هشام المنشاوى","W502KA00064 ش","MPC3502","","ارشيف","231279","120606","","ش / الجمهورية","1229601852","",""
"2010","الخواجة","W502KB00720","MPC3502","عادل","زيارة","","","","المندرة بجوار الاكاديمية","01022550053","",""
"1277","اسامة المنشاوى","W502KC00365 ش","MPC3502","","ارشيف","870784","291766","","ش / ونجت","1221940383","",""
"810","ابناء السوهاجى","W503K200020","MPC3502","شعبان","زيارة","189168","199499","2/27/2024 12:00:00 AM","امبروزو - محرم بيك / الضمان (10000) نسخة","1289497345","01110962696",""
"1823","شركة المصريه للمقاولات","W503K200273","MPC3002","شعبان","زيارة","","","","شارع النصر بجوار فتح الله","1553624451","ا/ محمد عبد الله",""
"283","سنتر ادم","W503K400554","mpc 3502","مجدى","زيارة","","","3/13/2023 12:00:00 AM","غيط العنب","1226450712","03/3600546",""
"483","شركة بيلدز GPE","W503K400975","MPC4502","رحيم","زيارة","","","","جليم","","تبع م / رضا القدس",""
"918","مطبعة انوس (احمد شوقى)","W503K500113","MPC3502","","زيارة","402560","399235","","البكاتوشى","1211054068","ا / حامد",""
"949","محمد الملاح بمبوتى","W503K500151","MPC2050","نوبى","زيارة","","","","امام باب 10 الميناء","1278000109","",""
"898","اسماعيل اسماعيل ( دمنهور)","W503K500202","MPC3502","اسامة","زيارة","366275","270269","6/22/2024 12:00:00 AM","دمنهور -- الضمان (10000) نسخة","1007772881","01226036786",""
"845","مكتبة ايفل","W503K500410","MPC 3502","شعبان","زيارة","450024","351686","5/12/2024 12:00:00 AM","غبريال من ش / مصطفى كامل -- الضمان (10000) نسخة","1007023682","ا / خالد محمد فوزى",""
"493","مركزالاسكندرية الوطنى للعيون","W503K500536","MPC3502","مجدى","ايجار","52996","76792","","سبورتنج  ش/ بور سعيد","1278239845","",""
"628","الاكاديمية  الكنترول  3","W512J300383","MPC4502","مجدى","صيانة","482917","233853","8/31/2026 12:00:00 AM","المنتزة","1272796901","الضمان عام دراسى كامل",""
"632","سنتر الوكيل","W512J300873","MPC 4502","شعبان","صيانة","397987","293062","8/8/2027 12:00:00 AM","حجر النواتية","1271987045","ا / وائل يحيي",""
"674","مكتبة الفتح (جانكليس)","W512J301704","MPC4502","شعبان","زيارة","217537","262430","1/15/2024 12:00:00 AM","جانكليس -- الضمان (10000)","1123155906","ا / سعيد",""
"1458","سبايرفارما","W512J302042","MPC4502","مجدى","صيانة","88489","12003","5/1/2027 12:00:00 AM","القاهرة - المعادى","1022617411","",""
"678","شركة الاقصى سموحة","W512J302145","MPC4502","اسامة","زيارة","","","","ابراج سيدى جابر","1224896353","ا / منصور",""
"284","سنتر بلو سيدى جابر","W512J302194","mpc 4502","مجدى","زيارة","","","","سيدى جابر","1000074345","",""
"285","مكتبة نور","W512J401016","MPc4502","طارق","زيارة","","","1/18/2023 12:00:00 AM","شارع النصر /جرين بلازا","1097461275","03/4043781",""
"286","حضانة سمارت كيدز","W512J500145","mpc 4502","طارق","زيارة","","","","كوبرى الناموس","1228320672","01278310477",""
"1887","الاكاديمية  الكنترول 1","W512J500823","MPC4502","مجدى","صيانة","","","8/31/2026 12:00:00 AM","المنتزة","1272796901","",""
"811","بازار ابراهيم","W512J501765","MPC5502","شعبان","زيارة","","","","كوبري الناموس - ش / صلاح الدين","1220877549","",""
"917","مكتبة الندى","W512J600631 شش","MPC4502","","ارشيف","114407","73922","","المراغى ش عمر بن الخطاب -- الضمان(10000) نسخة","1286085392","عبد الرحمن اشرف كمال",""
"1334","شركة هيلا","W512J600631 ش","MPC4502","","ارشيف","","","","الزراعى - بجوار مستشفى الكلى ( الدور الارضى )","1271087776","م / خالد تبع البربرى",""
"18","محمد كريم (مدير المدرسة)","W512J700088","MPC4502","ايمن","ضمان","318350","442032","4/17/2025 12:00:00 AM","ابيس","","",""
"1869","ايليت الطبية ( العلاج الطبيعى )","W512J70029 شش","MPC4502","","ارشيف","1135211","92718","","الطريق الدائرى قبل كارفور","1559993069","",""
"288","الاكاديمية  مركز التصوير","W512J700294 ش","mpc4502","","ارشيف","","","8/31/2026 12:00:00 AM","المنتزة","1272796901","",""
"783","دار ابراهيم النور ( المكتبة الاسلامية)","W512J700699","MPC 4502","شعبان","زيارة","627648","176066","3/15/2024 12:00:00 AM","شارع النصر سموحة / برج السلام","1278595854","01064390694",""
"1145","شركة رامكو للادوية","W512J700936","MPC4502","شعبان","زيارة","493645","196003","12/5/2024 12:00:00 AM","بجوار مرور ابيس --  الضمان(10000) نسخة","1211191528","01223845978",""
"627","الاكاديمية  الكنترول  2","W512J701082 ش","MPC4502","","ارشيف","66765","56702","8/31/2026 12:00:00 AM","المنتزة","1272796901","الضمان عام دراسى كامل",""
"290","مكتبة رسالة احمد عبد اللاه","W512J701951","mpc4502","شعبان","زيارة","476123","177212","2/3/2023 12:00:00 AM","سابا باشا","1201461560","الضمان (20000) نسخة",""
"1255","شركة هيلا","W512J702168","MPC4502","طارق","زيارة","","","","الزراعى - بجوار مستشفى الكلى ( الدور الارضى )","1271087776","م / خالد تبع البربرى",""
"291","محمد شحاتة مدام وفاء","W512JB00220","mpc4502","مجدى","زيارة","","","","العصافرة","1094488358","",""
"629","الاكاديمية  الكنترول 4","W512JB00425","MPC4502","","ارشيف","531966","304066","8/31/2026 12:00:00 AM","المنتزة","1272796901","الضمان عام دراسى كامل",""
"1868","ميرجو مارين","W512JB01561","MPC4502","مجدى","زيارة","","","","","","",""
"626","الاكاديمية  الكنترول 1","W512JB01583","MPC4502","مجدى","صيانة","323801","338831","8/31/2026 12:00:00 AM","المنتزة","1272796901","الضمان عام دراسى كامل",""
"802","عصام ابو عيسى","W512JC00559","MPC 4502","كريم","زيارة","1411681","150180","","بجوار كوبرى الناموس","1011143080","01007330655",""
"1924","مكتبة مازن","W512JC01151","MPC4502","شعبان","زيارة","","","","ابو سليمان","01155998679","",""
"518","مكتبة ماجيك بن","W512JC01268","MPC4502","شعبان","زيارة","","","","ش/ محمد نجيب فيكتوريا","1204703030","ا / محمد عبد السميع",""
"414","كوبى اند برنت","W513J100118","MPC 4502","مجدى","زيارة","","","","ش/ كلية الهندسة","1111418881","",""
"1379","هشام المنشاوى","W513J100613","MPC4502","شعبان","ايجار","333946","194487","","ش / الجمهورية","1229601852","",""
"867","معتز محرم بيك","W513J200478","MPC4502","شعبان","زيارة","507381","559028","5/1/2024 12:00:00 AM","محرم بيك","1212507775","",""
"292","مكتب رئيس هيئة الميناء","W513J201257","MPc4502","ايمن","زيارة","","","","ميناء الاسكندرية","","",""
"987","مكتبة ترند","W513J301288","MPC4502","طارق","زيارة","","","","بجوار كلية الهندسة","1000011536","",""
"824","مكتبة الشيخ بلال","W513J301397","MPC4502","شعبان","زيارة","579006","30998","4/18/2024 12:00:00 AM","ش / الزويدة بجوار الاسيوطى -- الضمان (10000) نسخة","1156258300","ا / ابراهيم عبد القادر",""
"2022","شركة ثرى استار","W513J401841","MPC4502","عادل","زيارة","","","","المنطقة الحرة","","",""
"864","شركة USC Log","W522J515034","MP4002","وسام","زيارة","","","","شارع فؤاد -- الدور الرابع","","محمد توشيبا",""
"293","الكتابة تجمعنا","W522j700570","Mp4002","","زيارة","660920","","11/13/2022 12:00:00 AM","ابو سليمان","1279541212","",""
"338","مكتبة نور (الجديدة)","W522J800272","MP5002","شعبان","زيارة","250074","","2/18/2024 12:00:00 AM","شارع النصر /جرين بلازا","1097461275","03/4043781",""
"1487","شركة ثرى استار","W522J900750","MP4002","عادل","ايجار","539564","","","المنطقة الحرة -- بلاك كاميل","1287900977","ا/ عمرو",""
"295","مدرسة الالسن","W523J100167","MP4002","ايمن","زيارة","","","","العجمى","","",""
"298","مدرسة النخبة","W523J100304","mp4002","ايمن","صيانة","","","10/1/2023 12:00:00 AM","العجمى الهانوفيل","","",""
"76","التجارية للاخشاب الادارة","W523J600793","MP4002","مجدى","مطلوب عقد","403750","","1/13/2026 12:00:00 AM","الورديان","1227614291","03/4412840",""
"952","مكتبة ريتال","W523J601062","MP4002","شعبان","زيارة","","","","ش المواسير - بجوار قهوة علاء","1221675930","احمد وائل",""
"442","مدرسة محمد كريم (م المدير)","W523J900281","MP 4002","ايمن","زيارة","584075","","12/5/2023 12:00:00 AM","سموحة -- الضمان (25000) نسخة","ابيس","",""
"1224","مكتبة القمة","W523JA00018","MP4002","شعبان","زيارة","","","","العوايد ش عتريس","1276489648","01550062888",""
"764","سنتر المهندس","W523JA00348","MP 4002","اسامة","زيارة","924549","","3/6/2024 12:00:00 AM","اسكوت ش / المدارس","1278397419","ا / هيثم الغرابلى",""
"669","سنتر I W I","W523JC00310","MP 4000","ايمن","زيارة","","","","السيوف","1100024203","",""
"299","مدرسة النخبة","W524J100278","mp4002","ايمن","صيانة","","","10/1/2023 12:00:00 AM","العجمى الهانوفيل","","",""
"649","مكتبة فرغلى","W524J100607","MP5002","اسامة","زيارة","","","6/24/2024 12:00:00 AM","محرم بيك","1287091889","",""
"300","مدرسة الالسن","W524J300144","MP4002","ايمن","زيارة","","","","العجمى","","",""
"302","مدرسة النخبة (سنتر التعليمي)","W524J300511","mp4002","ايمن","زيارة","","","","العجمى الهانوفيل","","",""
"303","مكتبة العمدة كوبرى الناموس","W524J400418","MP4002","شعبان","زيارة","","","","كوبري الناموس شارع المواسير","1285580314","1285580314",""
"578","كلية الاداب","W524J500191","MP4000","اسامة","زيارة","","","","جامعة دمنهور","","",""
"304","كلية التمريض المطبعة","W524J500209","mp4002","اسامة","زيارة","","","","جامعة دمنهور","","",""
"527","كلية الزراعة","W524J500214","MP4002","اسامة","زيارة","","","","جامعة دمنهور","","",""
"305","كلية الصيدلة","W524J500221","mp4002","اسامة","زيارة","","","","جامعة دمنهور","","",""
"525","كلية الزراعة ( المشتريات)","W524J500224","MP4002","اسامة","زيارة","","","","جامعة دمنهور","","",""
"306","كلية التمريض سكر العميد","W524J500228","mp4002","اسامة","زيارة","","","","جامعة دمنهور","","",""
"308","كلية العلوم (المطبعة)","W524J500229","mp4002","اسامة","زيارة","","","","جامعة دمنهور","","",""
"309","كلية الصيدلة","W524J500240","mp4002","اسامة","زيارة","","","","جامعة دمنهور","","",""
"310","كلية التمريض المكتبة","W524J500241","mp4002","اسامة","زيارة","","","","جامعة دمنهور","","",""
"580","كلية الاداب","W524J500244","MP4002","اسامة","زيارة","","","","جامعة دمنهور","","",""
"313","كلية العلوم","W524J500248","mp4002","اسامة","زيارة","","","","جامعة دمنهور","","",""
"315","كلية الصيدلة","W524J500253","mp4002","اسامة","زيارة","","","","جامعة دمنهور","","",""
"317","مصنع التوحيد ( المرتبات )","W524J500443","mp4002","مجدى","صيانة","","","1/31/2027 12:00:00 AM","كفر الدوار","1279588593","01204344446",""
"788","مدرسة نخبة البيطاش","W524J600270","MP4000","ايمن","ضمان","637546","","2/27/2023 12:00:00 AM","العجمى -- الضمان (50000) نسخة","","",""
"141","مكتبة فريندز","W524J800157","MP5002","رحيم","زيارة","411464","","3/3/2023 12:00:00 AM","شارع الزيت من ش/عشرين","1270590785","كريم ابراهيم",""
"318","مدرسة الضوي2","W524JA00173","mp4002","ايمن","صيانة","","","10/1/2023 12:00:00 AM","العجمى الهانوفيل","","",""
"469","مكتبة مكتبتي ( عبير )","W532J200060","MP5000","شعبان","زيارة","","","","جميلة ابو حريد - السيوف","1111945967","ا/ حسام",""
"863","شركة USC Log","W532J400232","MP5002","وسام","زيارة","","","","شارع فؤاد -- الدور الرابع","","محمد توشيبا",""
"332","التجارية للاخشاب الادارة المالية","W532J719184","MP5002","مجدى","مطلوب عقد","222040","","1/13/2026 12:00:00 AM","الورديان","1227614291","03/4412840",""
"1353","سنتر I W I","W532JC00107","MP5000","ايمن","زيارة","","","","الازريطة","1028112936","",""
"874","شركة USC Log","W533J501178","MP5002","وسام","زيارة","","","","شارع فؤاد -- الدور الخامس","","محمد توشيبا",""
"600","مركزالاوائل لتنمية المهارات","W533J900187","MP5002","شعبان","زيارة","","","","باكوس","1270907231","ا / علاء",""
"420","مدرسة الميريدين","W534J700081","MP 5002","ايمن","صيانة","1087354","","10/1/2023 12:00:00 AM","الضمان (25000) نسخة","","",""
"668","سنتر I W I","W534J900091","MP 5002","شعبان","زيارة","","","","العاصفرة ش / 45","1005828627","",""
"1652","مدرسة الضوي 1","W534J900207","MP5002","ايمن","صيانة","1082922","","","","","",""
"443","مدرسة محمد كريم ( المطبعة )","W534J900255","MP5002","ايمن","ضمان","1850","","12/5/2023 12:00:00 AM","سموحة -- الضمان (25000) نسخة","","",""
"319","علاء عطية","W542J700538","mpc4502","طارق","زيارة","","","1/9/2024 12:00:00 AM","ميامى خلف الاكاديمية","1228156923","03/5501673",""
"","مكتبة شاكر","W542JB00610","MPC5502","شعبان","ايجار","459771","117839","","بجوار الشركة","1275248552","",""
"478","5G مكتبة","W542JB00610 ش","MPC5502","","ارشيف","","","1/8/2025 12:00:00 AM","سيدي بشر بجوار محمصة مطروح","1200462346","01099346606",""
"2046","مدرسة محمد كريم","W543J400596","MPC4502","ايمن","زيارة","","","","سموحة","","",""
"1620","ايفرست / سعودى","W543J400596 ش","MPC5502","","ارشيف","765095","298022","1/30/2026 12:00:00 AM","جانكليس","1283982389","03/5841510",""
"745","مكتب R&A للانشاءات","W543J401090","MPC 5502","شعبان","زيارة","","","","سموحة / امام الشرطة العسكرية","","",""
"452","مكتبة ميجو","W543J500374","MPC5502","الزهري","ضمان","","","","المندرة","","",""
"1176","المحكمة الكلية المنشية","W662K200351","MP2352","رضا","ايجار","155673","","","المنشية -- نقابة محامين محكمة احمد عرابى","1284195491","الحد الادنى 1000 جنية لكل 7000 نسخة كل نص شهر التحصيل",""
"320","دار الطبري","W662K301085","MP 2352","طارق","زيارة","","","9/28/2022 12:00:00 AM","سيدي جابر","1000198018","",""
"713","شركة ميسكو الاستاد (اللتون)","W662K400211 ش","MP2352","","ارشيف","","","","خلف/ استاد الاسكندرية","","تبع م / عبد الرازق",""
"1639","احمد جيمى المدرية القديمة","W662K400211 شش","MP2352","","ارشيف","550631","","","المديرية القديمة","01553588828","",""
"2092","شركة وقاية للخدمات البيئيه","W662K600001","MP2352","عادل","ضمان","208141","","11/2/2026 12:00:00 AM","مرغم العامرية الكيلو22","1275077751","ا / كريم",""
"","بيت الجملة فرع مدينتيB12","W662k600473","MP2352","وائل","ايجار","180208","","","مدينتى","","",""
"1304","هانى المنشاوي","W663K200026","MP2352","شعبان","ايجار","349033","","","ش/ ونجت","1002715041","",""
"566","شركة ميسكو (ساكو الادارة)","W663K200239 ش","MP2352","","ارشيف","344286","","","خلف/ استاد الاسكندرية ( الدور الخامس )","1202767777","01283829774",""
"1856","مكتبة عائشة","W663K400148","MP3352","رضا","زيارة","606815","","","اسكوت / عزبة المنشية البحرية","01222383291","ابراهيم على على",""
"365","علي امبروزو سجل محرم","W663K400148 ش","MP2352","","ارشيف","254957","","","امبروزو","1271840522","",""
"939","دلتا النيل للانشاءات","W663K500034","MP3352","عادل","ايجار","262458","","","محرم بك  الدون تاون","1007090781","ا / شريف",""
"611","شركة المؤ يد","W663K500649","MP3352","شعبان","زيارة","","","","تعاونات سموحة عمارة97 خلف مدرية الامن","1224891434","01115768015",""
"395","سنتر ام كريم","W663K600266","MP 3352","شعبان","زيارة","137278","","4/19/2023 12:00:00 AM","امبروزو","1283447988","01285150151",""
"1474","علي امبروزو سجل محرم","W663K700552","MP2852","شعبان","زيارة","388625","","","امبروزو","1271840522","",""
"865","ا / محمد سعيد ( الميناء )","W663K700607","MP2852","ايمن","زيارة","","","","داخل الميناء","","",""
"605","مدرسة هدى شعراوى","W672K200831","MP2852","شعبان","زيارة","95503","","11/29/2023 12:00:00 AM","لوران -- الضمان (20000 )","1222632893","ا / عبير",""
"2093","علي امبروزو سجل محرم","W672K300070","MP2852","شعبان","زيارة","1470417","","","امبروزو","","",""
"1302","تبع م/ايمن","W672K500345","MP2852","كريم","زيارة","","","","","","",""
"1463","شركة السلام للعقارات","W672K502108","MP 3352","شعبان","زيارة","","","","","","",""
""," شركة النور للشحن والتفريغ","W672KB00109","MP2852","ايمن","هله","155051","","8/7/2023 12:00:00 AM","الورديان بجوار خفاجة --- ضمان ( 10000 ) نسخة","1227389140","01111805551",""
"840","مدرسة جمال حمدان التجريبية","W673K400097","MP 2852","شعبان","زيارة","","","","مجمع المدارس ش / الزيت","1200311328","ا / ايمن",""
"482","كوبى اند برنت(سوتر)","W673K400670","MP2852","مجدى","زيارة","54760","","6/4/2023 12:00:00 AM","ش / سوتر-- ضمان (10000) نسخة","1111418881","عاطف عاطف",""
"321","مكتبة الحمد ( احمد سيف)","W673K500749","mp2852","شعبان","زيارة","102538","","12/29/2022 12:00:00 AM","ارض المفتى","1208834008","الضمان (10000) نسخة",""
"992","الصرف العامرية الناصرية","W673K600400","MP2852","عادل","زيارة","","","","تبع م / عباس","","",""
"831","يونيتد انجينير2000","W673K600765","MP 3352","شعبان","زيارة","213993","","4/28/2024 12:00:00 AM","ش/ فوزي معاز--سموحة -- الضمان(10000) نسخة","1224160645","ا / سلامة",""
"","شركة ثرى استار4","W673K600901","MP2352","عادل","ايجار","491342","","","المنطقة الحرة","1287900977","ا/ عمرو",""
"1545","ابوفارس السورى","W673K601077","MP2852","شعبان","صيانة","431331","","11/21/2026 12:00:00 AM","ابيس مدخل الرابعه النصريه","1284581085","",""
"861","ام وحيد","W673K601086","MP 2852","شعبان","زيارة","","","","","1277649422","",""
"323","نادى الجياد (نشاط الرياضى)","W673K700078","mp2852","شعبان","صيانة","","","5/31/2027 12:00:00 AM","سموحة","","ا / هويدا جمال",""
"492","الحديثة للمواد العازلة","W673K700088","MP2852","وائل","زيارة","280457","","6/15/2023 12:00:00 AM","روكسى/ مصر الجديدة -- الضمان (10000) الاف  نسخة","","02/24141003",""
"1562","م / عبد الرازق","W673K700346","MP2852","السيد","زيارة","192054","","","برج العرب","1275338223","",""
"751","ايليت الطبية (الصيدلية)","W673K700453","MP 2852","شعبان","ايجار","459300","","","الطريق الدائرى قبل كارفور","1559993069","الايجار 880 جنية",""
"786","سوبر ماركت غزلان","W673K700612","MP 2852","كريم","زيارة","","","","بجوار مسجد الرحمن","1222788108","",""
"1361","ا/ محمد شوقي (الحضرة)","W682K400210","MP3350","شعبان","زيارة","","","","الحضرة الجديدة","1223338290","",""
"491","الحديثة للمواد العازلة","W682KA00353 ش","MP3352","","ارشيف","189535","","6/15/2023 12:00:00 AM","روكسى/ مصر الجديدة -- الضمان (10000) الاف  نسخة","","02/24141003",""
"1315","شركة هيلا","W683K100134","MP3352","شعبان","زيارة","780839","","","الدور السادس","","تبع  م/ خالد البربرى",""
"374","الاستاذ / عصام","W792P300398","MPC305","شعبان","زيارة","","","","بجوار مبرة العاصفرة","1099015586","",""
"2205","قطاع الدلتا الانتاجى غليون","W792P301192","MPC305","يحيي","زيارة","","","","دسوق","01022727472","الرائد طة",""
"2206","قطاع الدلتا الانتاجى غليون","W792P600021","MPC305","يحيي","زيارة","","","","دسوق","01022727472","الرائد طة",""
"1643","أحمد خلف","W792P602790","MPF305","شعبان","زيارة","21870","52536","","حجر النواتيه خلف المبرة","1026785848","",""
"677","شركة الاقصى سموحة","W792P702781","MPC305","اسامة","زيارة","","","","ابراج سيدى جابر","1224896353","ا / منصور",""
"734","شركة C@A للمقاولات","W792PA00483","MPC 305","رحيم","زيارة","","","","رشدى -- فكهانى النصر","","تبع م / رضا القدس",""
"1974","محمد مؤمن مجدى","W792PB01278","MPC305","شعبان","زيارة","10982","40176","5/2/2026 12:00:00 AM","سيدى جابر--الضمان(5000)نسخة","01220075514","",""
"1415","شركة ايجبت كيميكا","W792PB01861","MPC305","رضا","زيارة","163922","41240","12/21/2024 12:00:00 AM","","","تبع م/ مينا فاست --- ضمان 3 شهور او خمسة الاف نسخة",""
"1774","ا / عمرو ابراهيم","W792PB02020","MPC305","يحيي","زيارة","","","","ونجت","1222211628","",""
"1378","م / رضا القدس","W792PC00056","MPC305","يحيي","زيارة","","","","تم شد الالة بالورشة","","",""
"971","شركة مصرللغزل(رئيس مجلس الادارة)","W792PC00238","MPC305","طارق","زيارة","148684","214703","8/11/2024 12:00:00 AM","كفر الدوار -  صابغى البيضا","1211072294","ا / اسامة عبد اللطيف",""
"345","الدكتور / ايمن","w793p100709","mpc305","شعبان","زيارة","","","","فوق صيدلية ابو الخير","","",""
"882","د / صلاح (مستشفى الورديان)","W793P100723","MPC 305","طارق","زيارة","","","","داخل مستشفى الورديان","1202385508","",""
"1229","المستشار/ مراد","W793P200429","MP305","شعبان","زيارة","","","","سان ستفانو","12232868","",""
"533","احمد (المحاسب القانونى)","W793P300638","MPC305","كريم","زيارة","150889","53931","","فيكتوريا","1227077042","ا/ احمد",""
"1608","مركز اللوتس الطبى","W793P301002","MPC305","","ارشيف","80142","26827","10/24/2026 12:00:00 AM","سموحة - شارع فوزى معاذ","01000152523","د / امل",""
"1659","فتحى احمد الصادق","W793P301494","MPC305","شعبان","زيارة","17612","10107","11/15/2025 12:00:00 AM","السيوف شماعة","1061203926","",""
"6","جولد اليكس مايرين","W793P502228","MPC305","","زيارة","15272","30039","","الميناء باب 1","","",""
"2220","رويال كيتشو للاخشاب","W793P600591","MPC305","شعبان","ضمان","29083","17078","11/1/2026 12:00:00 AM","ابيس 10 الطريق الدائرى","01040034747","عبد الله محمد حسن",""
"1621","حسين خالد احمد","W793P701587","MPC305","شعبان","زيارة","29595","17656","11/1/2025 12:00:00 AM","محرم بيك","1005762153","",""
"1647","مكتبة مساكن مبارك بعبد القادر","W793P702463","MPC305","عادل","زيارة","64457","8796","2/10/2026 12:00:00 AM","مساكن مبارك - عبد القادر","1279729240","أحمد عبد الرازق أحمد السمان",""
"5","جولد اليكس مارين","W793P704141","MPC305","","زيارة","","","","بجوار قهوة فاروق -- الميناء باب 1","1225805070","غريب الراوى",""
"","ا / محمد زكريا","W793P901266","MPC305","يحيي","زيارة","","","","رشدى ش / سوريا","01000001189","01555545483",""
"870","مسعد شكشوك","W793P902581","MPC305","اسامة","زيارة","","","","دمنهور","","",""
"943","شركة الصفا للنقل والشحن","W793PA02449","MPC305","طارق","زيارة","","","","المنشية 5 ش بحري بيك اللبان","1093316624","ا / هشام",""
"639","محمد احمد الشيخو","W793PA02638","MPC305","اسامة","زيارة","","","","عزبة زقزوق","1289254646","",""
"13","مكتب د / محمد نصر","W793PB01273","MPC305","","زيارة","","","","","","",""
"1329","شركة الاقصى الجندى","W793PB03239","MPC305","يحيي","زيارة","","","","","","",""
"2078","المدرية القديمة (رئيس المباحث)","W793PC02780","MPC305","يحيي","زيارة","","","","داخل المدرية القديمة","","",""
"1653","شركة اجرى فود","W793PC03166","MPC305","شعبان","زيارة","17438","15116","11/12/2025 12:00:00 AM","السيوف --الضمان(5000)نسخة","1287681029","ا / خالد",""
"1737","نادى النصر","W794P100870","MPC305","شعبان","زيارة","","","","سموحة / بجوار مسجد قباء","","",""
"662","ح / احمد ابو سعد","W794P101777","MPC 305","رضا","زيارة","958","3879","1/4/2024 12:00:00 AM","منزل ابو سعد -- الضمان (5000)","","",""
"640","مدرسة خميس عبد الفتاح","W794P101825","MPC305","اسامة","زيارة","50238","12010","9/20/2023 12:00:00 AM","بركة غطاس / ابو حمص","1211219927","ا / مجدى التلبانى",""
"1872","ا / ابراهيم حمدى","W794P102134","MPC350","رضا","زيارة","8125","8582","3/10/2026 12:00:00 AM","الضمان 5000 نسخة","01223813191","",""
"1568","م/ مجدى رضوان","W794P300332","MP305","شعبان","زيارة","621617","46500","","","","م/ مجدى رضوان",""
"1724","الشركه الهاشميه","W794P300377","MPC305","رضا","زيارة","33950","19359","12/27/2025 12:00:00 AM","المنصورة -- الضمان (5000) نسخة","1004618656","",""
"2169","شركة البابلى","W794P301895","MPC305","يحيي","زيارة","","","","تبع م / عماد كفر الدوار","01090665522","ا / محمد ايمن",""
"1750","محمود غلاب","W794P402271","MPC305","شعبان","زيارة","","","","ش / 17 من ش / 45 عصافرة","125860998","",""
"779","ا / الامير ابراهيم السيد","W794P500543","MPC305","شعبان","زيارة","6890","8230","12/12/2023 12:00:00 AM","الابراهيمية --- الضمان ( 5000) نسخة","1224939190","01020454170",""
"842","شركة ايزى تك","W794P500871","MPC 305","شعبان","زيارة","","","","حجر النواتية","1060362752","ا / عبد القادر",""
"718","شركة فورس","W794P501364","MPC305","مجدى","زيارة","","","","امام مدرية الامن القديمة","1206533662","01202228445",""
"1857","ا / محمد عبد العزيز","W794P502296","MPC305","رضا","زيارة","","","","بجوار الشركة","01202156450","",""
"1444","شركة الفريدة (الدور 5)","W794P504109","MPC305","شعبان","صيانة","45740","27283","11/5/2026 12:00:00 AM","سيدى بشر بجوار جزارة الثورة","1155561109","تبع م/ رضا القدس",""
"1984","احمد رجب الصافى","W794P700728 ش","MPC305","","ارشيف","","",""," شوتس - محطة ترام صفر","01286900071","",""
"2185","شركة ايس تك","W794P800607","MPC305","شعبان","زيارة","","","","33 تعاونات سموحة","01001552103","هيثم ابو شمعة",""
"623","شركة الايمان للمقاولات","W794P801511","MPC305","رضا","زيارة","34078","76811","1/13/2024 12:00:00 AM","السيوف --- الضمان ( 10000) نسخة","1001642283","03 / 3324235",""
"1026","ابو فهد ( ادوات صحية)","W794P804253","MPC305","يحيي","زيارة","","","","المراغى","1000073253","",""
"1041","مينا كمال","W794PA02658","MP305","رضا","زيارة","39347","63420","12/4/2025 12:00:00 AM"," ابيس ضمان 3 شهور","1210502314","",""
"1593","ايزى تك للتقسيط","W794PB01677","MPC305","شعبان","زيارة","26074","15362","10/14/2025 12:00:00 AM","حجر النواتيه","1006660303","م/ عبد القادر",""
"1740","عصام مرعي","W794PB03884","MPC305","يحيي","زيارة","61090","4469","","","1274841575","ا/ عصام مرعي",""
"1779","مركز اللوتس الطبى","W794PC01704","MPC305","شعبان","صيانة","","","10/24/2026 12:00:00 AM","سموحة - شارع فوزى معاذ","1114666301","د / حسن نعمان",""
"1928","يوسف شعبان","W794PC03163","MPC305","شعبان","زيارة","198164","63040","4/9/2026 12:00:00 AM","ابيس الثمانيات","01024943788","",""
"145","ابراهيم احمد ابراهيم","W794PC03172","MPC305","رضا","زيارة","43683","202354","12/8/2025 12:00:00 AM","السيوف","1050603611","ا/ابراهيم احمد",""
"324","شركة السلام للعقارات","w795p201574","mpc305","طارق","زيارة","14655","","9/20/2022 12:00:00 AM","جميلة ابو حريد","","03/3308039",""
"1249","د / ايناس","W795P404394","MPC305","رضا","زيارة","317729","","2/3/2025 12:00:00 AM","جليم","1280370881","",""
"685","مستشفى نيل الامل","W795P500988","MPC305","شعبان","زيارة","","","","ميامى","1273652590","ا / ايمن",""
"855","مصنع فوروود","W795P501310","MPC305","طارق","زيارة","","","","العصافرة","","",""
"325","نادي اليخت","w795p502246","mpc305","شعبان","زيارة","","","","بحري","1283116349","ا / عمرو",""
"326","اليسر لهياكل السيارات","W795P700376","mpc305","","زيارة","","","1/27/2025 12:00:00 AM","العامرية ط الصحراوي","1204001120","03/4700057",""
"1090","المعجزة للطب النفسى","W795PA00496","MPC305","مجدى","زيارة","90082","52783","8/21/2024 12:00:00 AM","العجمى ابو يوسف","1280281012","01281165444",""
"1204","ا/بيومى شركة فيوتشر","W795PA00591","MPC305","شعبان","زيارة","","","","رشدى","","",""
"1069","شركة  TACT","W795PA00606","MPC305","السيد","زيارة","7012","12822","11/13/2024 12:00:00 AM","سموحة -- الضمان (5000) نسخة","1282001212","ا / ياسر",""
"1320","شركة السلام للمقاولات","w795pa00914","mpc305","طارق","زيارة","","","","مرغم","1032704392","",""
"357","اكس كابيتل","W795PB00144","MPC305","طارق","زيارة","79619","","9/27/2024 12:00:00 AM","سيدى بشر -- بجور فندق المحروسة","1080735889"," ا/ رامي",""
"1263","ا/ضياء الدين محمد احمد","W796P200493","MP305","رضا","زيارة","","","6/23/2025 12:00:00 AM","اللبان  الضمان 3شهوراو5000نسخه","","",""
"1325","ا/ حامد مصطفى القوني","w796p300034","mpC305","رضا","زيارة","33845","6243","11/25/2025 12:00:00 AM","كومباوند القضاة   -- ضمان (5000) نسخة","1149199968","",""
"1966","شركة اتركس للصناعات الدوائية","W796P300448","MPC305","شعبان","زيارة","13240","4221","4/27/2026 12:00:00 AM","سموحة ش / المرور عمارات جرين طورز--الضمان(5000)نسخة","01287874771","سلطان",""
"327","دهانات الجزيرة","W796P401745","mpc 305","ايمن","زيارة","","","","البيطاش","1227046669","ا / سيد علي سيد",""
"405","ا/ محمود احمد القوني","W796P500011","MPC 305","شعبان","زيارة","255251","32117","5/5/2023 12:00:00 AM","كومباوند القضاة -- ضمان (5000) نسخة","1115377555","",""
"377","مكتبة الدولية","W796P500036","MPC305","شعبان","زيارة","42426","34989","3/26/2023 12:00:00 AM","ابيس 6-6","1278832866","رمضان ابيس",""
"403","يوسف احمد جمعة","W796P500187","MPC 305","شعبان","زيارة","54380","12877","5/5/2023 12:00:00 AM","سيدى بشر قبلي -- ضمان( 5000) الاف نسخة","1224856799","الرقم خطاء",""
"1126","عبد الرحمن ( الجيش السلوم )","W796P600282","MPC 305","رضا","زيارة","42253","57559","","الالة مباعة بدون ضمان","1284874449","تبع فهمى السباك",""
"1091","ا/يسرى ابراهيم","W796P700605","MPC305","شعبان","زيارة","7920","30576","4/29/2025 12:00:00 AM"," ابوسليمان ضمان 3 شهور 5000 نسخه","1551078370","",""
"508","سيبر رسالة","W796P701088","MPC305","شعبان","زيارة","8925","17740","7/30/2023 12:00:00 AM","فلمنج -- الضمان (10000)","1118604153","  ا/ خالد محمد  (03/5730940)",""
"2194","شركة بروتكس","W796P900791","MPC305","السيد","زيارة","","","","برج العرب المنطقة الثالثة","01111835887","ا / حسام",""
"696","سوبر ماركت لبيب السلام","W797PC00053","MPC305","اسامة","زيارة","5531","6972","10/1/2023 12:00:00 AM","ابيس 8-1 الضمان (5000)","1063577801","",""
"1497","هشام عابدين","W802P400183","MPC305","رضا","زيارة","","","","القبارى","1090770576","ا/هشام",""
"1937","ايزى تك للتقسيط","W802P700123","MPC305","شعبان","زيارة","30259","57292","4/9/2026 12:00:00 AM","الابراهيمة --الضمان(5000)نسخة","01006660303","مصطفى",""
"731","ا / محمد انور( المحام","W803P600283","MPC305","اسامة","زيارة","","","","طوسون / متفرع من ش 25","1225050720","",""
"514","ا / محمد الريديني(المحامى)","W803P700277","MPC305","شعبان","زيارة","","","","شارع المواسير","1228883420","",""
"1657","شركة الاشهب للادوية","W803PB00663","MPC305","شعبان","زيارة","37044","9557","11/12/2025 12:00:00 AM","ابيس بعد كوبرى الالمانى","1050003479","احمد عبد الرحيم",""
"387","ا/ محمد عبد العال","W803PC00191","MPC 305","","زيارة","12187","4809","5/11/2023 12:00:00 AM","ش/ الريف غيط العنب  -- ضمان (5000) نسخة","1281351310","01278880203",""
"1654","الجمعية الشرعية","W803PC00218","MPC305","شعبان","زيارة","44641","28242","11/12/2025 12:00:00 AM","الضاهرية","1211345308","على ابراهيم",""
"1610","محمد جمال مصطفى","W803PC00231","MPC305","شعبان","زيارة","42178","16943","10/25/2025 12:00:00 AM","شارع 20 -- ضمان ثلاثة أشهر أو خمسة لاف نسخة","1212345115","أ/ محمد جمال",""
"1892","مدرسة الابداع الدولية","W803PC00308","MPC305","مجدى","صيانة","16281","25757","9/1/2026 12:00:00 AM","الحاسبات","1227323131","على عبد النبى",""
"328","اليسر لهياكل السيارات","W804P200039","mpc305","","زيارة","","","1/27/2025 12:00:00 AM","العامرية ط الصحراوي","1204001120","03/4700057",""
"380","مركز الاسراء الطبى","W804P600099","MPC305","شعبان","زيارة","7287","36883","3/27/2023 12:00:00 AM","الفلكي بجوار المعهد الدينى ش/16 الملك","1116993455","ا / مصطفى",""
"511"," شركة النور للشحن والتفريغ","W804P900232","MPC305","ايمن","زيارة","270551","85095","8/7/2023 12:00:00 AM","داخل الميناء  --- ضمان ( 10000 ) نسخة","1227389140","01111805551",""
"519","ا / جورج فوزى","W804PA00456","MPC305","شعبان","زيارة","10458","1132","5/21/2023 12:00:00 AM"," ش/ 45 بجوار النفق -- الضمان (5000) نسخة","1227266887","03/5354622",""
"1712","ا / محمد السيد ( ماجيك )","W804PA00512","MPC305","يحيي","زيارة","","","","","1117119106","تبع توشيبا",""
"1660","عبد الله الشيخو ( الجيش )","W804PC00758","MPC305","رضا","زيارة","33510","23011","","الجيش السلوم","","",""
"1056","ا/محمد السيد","w805p100481","mp305","يحيي","زيارة","","","","","1117119106","تبع ا/محمد توشيبا",""
"1501","معرض الشوربجى","W805P200163","MPC305","شعبان","زيارة","34172","","9/23/2025 12:00:00 AM","نمرة 2 عزبة زقزوق","1289254646","",""
"910","بيت الجملة فرع محرم بك (المخازن)","W902P601451","MP301","","زيارة","","","","الالة الملك","","",""
"481","مستشفى اليكس (رعاية الاطفال)","W903P500374","MP 301","شعبان","زيارة","202779","","","رشدي","","",""
"410","جمعية إنقاذ حياة طفل","W903P500543","MP 301","شعبان","زيارة","149145","","9/9/2024 12:00:00 AM","سيدي جابر - بجوار السوبر جيت","1272222464","",""
"707","المدينة للمراة عيادة (د/اشرف)","W903P600098","MP301","مجدى","زيارة","","","","","","",""
"1931","ام شمس","W903P600154","MP301","حسام","زيارة","","","","المندرة بجوار الاكاديمية","01500786664","",""
"1291","بيت الجملة فرع العبور(الملك)","W903PC00804","MP301","","زيارة","","","","القاهرة -- الالة الملك","","",""
"","بيت الجملة فرع وينجت","W904P200308","MP301","السيد","ايجار","88616","","","وينجت","","",""
"744","مكتب R&A للانشاءات","W904P400314","MP 301","شعبان","زيارة","","","","سموحة / امام الشرطة العسكرية","","",""
"890","عشرى الضرائب","W904P800349","MP301","طارق","زيارة","","","","ضرائب السيوف","1550204488","",""
"1884","عيادة د / نانسى جميل (موف اون)","W904PA00312","MP301","حسام","زيارة","","","","ميامى ش / اسكندر ابراهيم","01282054149","",""
"1700","ا / عاصم حمدى","W904PB00124","MP 301","يحيي","زيارة","","","","","1012724436","",""
"657","سوبر ماركت الدمنهورى","W904PC00183","MP301","شعبان","زيارة","","","","مساكن القوات المسلحة مصطفى كامل","1066561053","",""
"535","شركة  A S K","W905P100484","MP301","طارق","زيارة","","","","المنطقة الحرة","","تبع م/ رضا القدس",""
"329","المدينة للمراة (عيادات)","W905P600657","mp301","مجدى","زيارة","","","8/23/2022 12:00:00 AM","سموحة","","",""
"2136","ا / سحر مستشفى العمال","W906P200400","MP301","شعبان","زيارة","","","","كرموز","01201884079","",""
"838","الاكاديمية ( رعاية الشباب )","W906P400257","MP301","مجدى","صيانة","","","8/31/2026 12:00:00 AM","المنتزة","1272796901","",""
"1067","فاست 2","W906P500274","MP301","مجدى","زيارة","17800","","11/13/2024 12:00:00 AM","المنشية -- الضمان (10000) نسخة","1226010654","03/4839553",""
"1005","ا / محمد على الكلاف","W906P800014","MP 301","شعبان","زيارة","","","6/11/2026 12:00:00 AM","ش / المعهد الدينى العصافرة قبلى","1507990263","01221829429",""
"862","شركة USC Log","W906P800025","MP301","وسام","زيارة","82185","","","شارع فؤاد","","محمد توشيبا",""
"1324","مكتبة الصفوة","W906P900732","MP301","السيد","ايجار","","","","بجوار الشركة","1011804090","01288968782",""
"956","ا / رضا السيد","W906P900732 ش","MP301","يحيي","زيارة","","","","برج العرب","1224749732","رضا السيد",""
"2094","قرية الشروق","W906PC00013","MP301","يحيي","زيارة","479368","","","الكيلو 41","01000616942","اللواء خالد صفوت",""
"","بيت الجملة فرع الهانوفيل","W906PC00013ش","MP301","","ارشيف","","","","الهانوفيل","","",""
"739","جمعية مسجد الايمان","W906PC00343","MP 301","رضا","زيارة","49187","","3/30/2024 12:00:00 AM","ونجت امام الرعايا","1285870341","الالة مباعة على 7 اقساط 6 اشهر 600 جنية واخر قسط 400 جنية",""
"1972","مروة امين ( ام يحيي)","W907P301697","MP301","رضا","زيارة","76702","","","","","",""
"1814","جمعية طور نفسك","W907P301764","MP301","شعبان","زيارة","","","","عزبة البكاتوشى ش / السوق فوق مشويات ابو على","1063826384","",""
"902","حلوانى مارفيل","W907P601468","MP201","وسام","زيارة","","","","","","",""
"1516","المدينة للمراة (حسابات مرضي)","W907P701133","MP401","مجدى","زيارة","120679","","5/29/2025 12:00:00 AM","سموحة -- الضمان(10000) نسخة","","",""
"962","عيادة كيرا كلانيك","W907PA00227","MP301","مجدى","زيارة","531026","","11/29/2025 12:00:00 AM","","","",""
"","بيت الجملة فرع الفلكي","W907PA00240","MP301","السيد","ايجار","","","","الفلكي","","",""
"2152","محمد اليمنى","W907PB01410","MP301","ايمن","زيارة","","","","الورديان خفاجة","01225335085","عميل تبع ايمن ابو زيد",""
"330","شركة وقاية للخدمات البيئيه","W908P200175 ش","MP301","","ارشيف","65585","","11/18/2022 12:00:00 AM","مرغم العامرية الكيلو22","1275077751","ا / كريم",""
"821","المدينة للمراة ( الطوارئ )","W908P300698","MP301","مجدى","زيارة","85448","","1/16/2023 12:00:00 AM","سموحة","","",""
"1721","شركة سيوه للاثاث","W908P500165","MP301","رضا","زيارة","307450","","12/26/2025 12:00:00 AM","ابيس الثورة -- الضمان (5000) نسخة","1284705150","01200673394",""
"1897","مكتبة اشرف مؤمن","W908P500710","MP301","رضا","زيارة","13962","","3/24/2026 12:00:00 AM","الورديان","01280374370","مؤمن اشرف مؤمن",""
"","بيت الجملة فرع الدريسة 2","W908P700634 ش","MP301","","ارشيف","","","","المكاتب الادارية","","",""
"1522","محمد شلبى","w908p800200","mp301","","زيارة","","","","كفر الدوار","1226708793","",""
"1751","احمد فتحى الخرادلى","W908P900266","MP301","يحيي","زيارة","","","","بجوار الشركة","1023477790","",""
"1348","بيت الجملة فرع المعادي (التسويق)","W908P900266 ش","MP301","","ارشيف","","","","المعادي 1","","",""
"1929","هاى كوالتى برج العرب","W912P400617","MP301","رضا","زيارة","138170","","4/9/2026 12:00:00 AM","( كوالتى تارجت ) برج العرب","01271723322","ا/ حسام",""
"1333","بيت الجملة فرع اكتوبر سيلفر مول 11","W912P400617 ش","MP301","","ارشيف","","","","فرع اكتوبر","","",""
"574","ا / احمد فاروق","W912P702628","MP301","شعبان","زيارة","","","","محرم بيك - ش/ المأمون امام كازيون","1227125181","",""
"1049","شركة سيايتس ترافيل للسياحة","W912P904375","MP301","شعبان","زيارة","","","","المندرة","1222467464","",""
"331","الاكاديمية ( الحسابات )","W912P904863","mp301","مجدى","صيانة","","","8/31/2026 12:00:00 AM","المنتزة","1272796901","",""
"1542","شركة ثرى استار","W912PA01742"," MP301","رضا","زيارة","","","","المنطقة الحرة","1287900977","ا/ عمرو",""
"333","مكتب عبد الرحمن الجوهري","W912PB02296","MP301","شعبان","زيارة","","","","كوم الدكة","","",""
"667","ا / عمر المينا","W913P102704","MP301","ايمن","زيارة","","","","داخل المينا / طرف عم خليل","","",""
"880","اليكس مارين كريم الشيخ","W913P201200","MP301","طارق","زيارة","","","","ش / النصر المنشية","1004008793","03/4869684",""
"569","مكتبة مسلم","W913P201267","MP301","شعبان","زيارة","","","","اخر ش/ الزيت خلف ابراج الندي","1288487380","ا / علي",""
"1431","اكس كابيتل","W913P401624","MP301","السيد","زيارة","59952","","5/19/2026 12:00:00 AM","خالد بن الوليد","1080735889"," ا/ رامي",""
"1977","اسكان المهن الطبية ( ليدر)","W913P405185","MP301","شعبان","زيارة","148817","","5/2/2026 12:00:00 AM","سموحة بجوار مسجد على بن ابى طالب --الضمان(5000)نسخة","01225025159","01000022835",""
"","بيت الجملة فرع سموحة (الدرك ستور) 2","W913P405240","MP301","السيد","ايجار","122390","","","سموحة","","",""
"1666","البيضا للغزل والنسيج","W913P601043","MP301","كريم","ضمان","77162","","8/25/1025 12:00:00 AM","ضمان 10000ن","1205887585","ا/عيد",""
"334","شركة الابرار للادوية","W913P602833","MP301","اسامة","زيارة","","","1/14/2023 12:00:00 AM","الرابعة الناصرية","1211149359","الالة متوقفة مع وجود عقد",""
"335","الاكاديمية سكرتارية العميد","W913P705901","mp301","مجدى","صيانة","","","8/31/2026 12:00:00 AM","المنتزة","1272796901","",""
"1028","ا / محمود محمد ( استانلى)","W913P805193","MP301","اسامة","زيارة","","","","استانلى بجوار التامين الصحى","1208909776","",""
"454","محمد خميس زكي","W913P903882","MP301","شعبان","زيارة","","","","امبروزوا محرم بك","1116764108","01206651108",""
"","بيت الجملة فرع الحديد والصلب","W913PB06377 ش","MP301","","ارشيف","106279","","","الحديد والصلب","","",""
"383","المدينة للمراة ( حسابات عامة )","W913PC04559","MP301","مجدى","زيارة","","","","سموحه","","(محمد سليمان)",""
"1936","ا / عصام فتحى","W913PC04880","MP301","يحيي","زيارة","","","","تبع مطبعة المهندس","01283003090","",""
"","بيت الجملة فرع الحضرة","W913PC04940","MP301","السيد","ايجار","","","","الحضرة","","",""
"252","شعبان الشهر العقارى","W914P103451","MP 301","طارق","زيارة","","","","سيوف شماعة","1155344575","",""
"2081","هاى كوالتى برج العرب","W914P103695","MP301","عادل","زيارة","45855","","7/10/2026 12:00:00 AM","( كوالتى تارجت ) برج العرب","01271723322","ا/ حسام",""
"336","المدينة للمراة حسابات IDF","W914P204603","mp301","مجدى","زيارة","","","8/25/2022 12:00:00 AM","سموحه","","",""
"1753","علياء محمد محمد","W914P304519","MP301","شعبان","ضمان","122827","","10/24/2026 12:00:00 AM","العصافرة قبلى ش 12 ---الضمان(5000)نسخة","1287079024","01503922237",""
"2054","المدينة للمرأة لطب الاخصاب","W914P306096","MP301","مجدى","زيارة","31352","","6/24/2026 12:00:00 AM","سموحة","","",""
"1718","ادوية السيوف (التوزيع)","W914P504940","MP301","شعبان","ايجار","284496","","6/30/2027 12:00:00 AM","السيوف","1090718182","",""
"1645","مركز البجوث الزراعية","W914P704370","MP301","شعبان","زيارة","295692","","11/10/2025 12:00:00 AM","أمام الجامعه الأهليه ---الضمان(5000)نسخة","1005691975","أ/ أحمد صالح حسين",""
"337","المدينة للمرأة لطب الاخصاب","W914P806931","mp301","ايمن","زيارة","","","1/4/2023 12:00:00 AM","العجمي","","",""
"","بيت الجملة فرع باكوس","W914P904479 ش","MP301","","ارشيف","224495","","","باكوس","","",""
"622","شركة مارسيليا (فلورانس)","W914P905690","MP301","شعبان","زيارة","","","","المنتزة","1092767393","01095219462",""
"1955","ا / احمد عطية الغندور","W914P905749","MP301","شعبان","زيارة","145261","","","27 ش القدس من شارع 20 باكوس","01224348505","",""
"927","رائد اشرف","W914PA02030","MP301","مصعب","زيارة","","","","","1227473573","",""
"1634","احمد عوض","W914PB05699","MP301","مصعب","زيارة","","","","بالورشة","1080475996","",""
"497","مكتب المحاسب / احمد محمود عامر","W914PC03089","MP301","شعبان","زيارة","","","","بجوار سنترال المنشية","1283183918","احم  عامر",""
"2049","قسم رمل ثان (السجن)","W914PC07509","MP301","يحيي","زيارة","","","","داخل القسم","01283403815","",""
"598","المدينة للمراة (حسابات الحقن المجهرى)","W915P104449","MP301","مجدى","زيارة","","","","سموحة","1066652020","ا / اسلام",""
"39","مصنع التوحيد","W915P203033","MP 301","مجدى","صيانة","","","1/31/2027 12:00:00 AM","كفر الدوار","1279588593","01204344446",""
"1137","ابو هبة  (الجيش الفرقة 21)","W915P203058","MP301","يحيي","زيارة","","","","الجيش -- الفرقة 21","","",""
"550","شركة السلام لصناعة الكرتون","W915P203377","MP301","اسامة","زيارة","214911","","7/14/2023 12:00:00 AM","عوايد ضيف -- الضمان (5000) نسخة","1224232107","ا / عادل محمود",""
"","بيت الجملة فرع ش القاهر30","W915P206961","MP301","السيد","ايجار","93195","","","القاهرة ش 30","","",""
"857","مدرسة الجمهورية","W915P207043","MP301","رضا","زيارة","81476","","2/27/2023 12:00:00 AM","ابو سليمان  -- الضمان(5000)نسخة","1277688717","ا / احمد فتحى",""
"471","شركة ايطاليانو","W915P302224","MP301","طارق","زيارة","","","","برج العرب -- المنطقة الصناعية الاولى","1207846332","ا / وليد",""
"339","المدينة للمراة","W915P406698","mp301","مجدى","زيارة","","","","سموحة","","",""
"340","الاكاديمية شئون الطلبة","W915P407081","mp301","مجدى","صيانة","","","8/31/2026 12:00:00 AM","المنتزة","1272796901","",""
"984","انشاص ( الملك )","W915P503033","MP301","","زيارة","","","","","","الالة ملك",""
"1193","ادهم الصافى","W915P506200","MP301","كريم","ضمان","63571","","6/6/2025 12:00:00 AM"," الضمان 5000 او3اشهركفر الدوار","1224728409","",""
"","مصنع التوحيد","W915P703451","MP301","مجدى","زيارة","","","","","","",""
"758","المدينة للمراة (الارشيف)","W915P803818","MPC 301","مجدى","زيارة","","","","السجلات","","ا / زهران",""
"1724","ا / خالد المحامى","W915PA00815","MP301","السيد","زيارة","376345","","12/17/2025 12:00:00 AM","السيوف بجوار دادى","1221060542","الالة مباعة جملة تبع م / احمد HP",""
"1537","ا/صفاء","W915PA06390","MP301","مجدى","زيارة","","","","","","",""
"468","هشام النابورية","W915PB03212","MP301","طارق","زيارة","","","","النابورية","","",""
"1021","احمد شوقى","W915PB08540","MP301","مجدى","زيارة","118904","","1/4/2025 12:00:00 AM","ضمان 3 شهور محطة الرمل","1224805171","",""
"4","المدينة للمراة IT","W915PC03471","mp301","مجدى","زيارة","","","","سموحة","","",""
"341","مدفعية المنطقة الشمالية","W915PC03559","mp301","شعبان","زيارة","","","","سيدى جابر ش / المشير","1211147298","مقدم / طارق",""
"850","مدرسة قناة السويس","W916P104866","MP301","طارق","زيارة","","","","محرم بيك","1001543172","0118733955",""
"1101","الحصري ( اكتوبر )","W916P104913 شش","MP301","","ارشيف","","","","اكتوبر","","الالة الملك",""
"1399","بيت الجملة فرع الحصرى2","W916P104913 ش","MP301","","ارشيف","327372","","","القاهرة -- الحصرى","","ا / احمد ابو العنين",""
"","بيت الجملة فرع الدريسة 1","W916P104941 ش","MP301","","ارشيف","","","","الدليفرى","","",""
"","مدرسة ابيس العاشرة","W916P105309","MP301","شعبان","زيارة","344274","","8/4/2026 12:00:00 AM","ابيس الدائرى","01227542542","شنودة كامل سعيد",""
"2075","نادى الجياد ادارة (المدير التنفيذى)","W916P105768","MP301","شعبان","صيانة","295077","","5/31/2027 12:00:00 AM","سموحة","01500566656","ا / رشا حمدى",""
"","بيت الجملة فرع عرامة","W916P105768 ش","MP301","","ارشيف","","","","عرامة","","",""
"1411","بيت الجملة التجمع الخامس (الاستعلامات)","W916P105802 ش","MP301","","ارشيف","","","","التجمع الخامس","1066089386","ا / ايمن",""
"978","مستشفى نيل الامل","W916P303553","MP301","شعبان","زيارة","","","","ميامى","1115142200","ا / احمد حليم",""
"","ا / علاء","W916P303701","MP301","","","","","","الدولى 45","","",""
"2074","بيت الجملة فرع عرامة","W916P403930","MP301","السيد","ايجار","220379","","","عرامة","","",""
"","بيت الجملة فرع الورديان","W916P403930 ش","MP301","","ارشيف","","","","الورديان","","",""
"1125","ا / محمد فتحى (  المحامى )","W916P404401","MP301","رضا","زيارة","178834","","","كوبرى الناموس","1277688717","",""
"1773","ا / محمد على الكلاف","W916P601051","MP301","شعبان","زيارة","39307","","4/17/2026 12:00:00 AM","ش / المعهد الدينى العصافرة قبلى","1507990263","01221829429",""
"","بيت الجملة فرع ابو سليمان","W916P601360 ش","MP301","","ارشيف","","","","ابو سليمان","","",""
"1318","ناتورا","W916P601726","MP301","رضا","زيارة","","","","","","",""
"791","ح / سيد عمران ( الميناء )","W916P705763","MP 301","ايمن","زيارة","","","","داخل الميناء","1227747353","",""
"1720","ادوية السيوف (الحسابات)","W916P800051","MP301","شعبان","ايجار","87768","","6/30/2027 12:00:00 AM","السيوف","1090718182","",""
"1459","شركة الاندلس للرحلات","W916P905860","MP301","شعبان","ايجار","381760","","","العصافرة / ش45 بجوار البحر","1009222236","ا / احمد جابر",""
"","بيت الجملة فرع بير مسعود","W916P906585","MP301","السيد","ايجار","269276","","","بير مسعود","","",""
"1540","مصنع الكرتون","W916PA00291","MP301","مجدى","زيارة","25558","","","","","",""
"","بيت الجملة فرع الصداقة","W91P600233","MP301","السيد","ايجار","277746","","","الصداقة","","",""
"760","مدرسة ملك حفنى","WRT044471E","OX 5675","تمام","زيارة","","","","","1224098892","تبع م / عبد الرازق تاجت",""
"586","مكتبة الادهم","X 3660840779","OX 5755","تمام","زيارة","","","5/12/2024 12:00:00 AM","سيدى بشر بحرى ش/ على هيبة -- ضمان","1222811461","01094357185",""
"1314","الابراهيميه تبع رضا القدس","X038RB10199","SP C352","كريم","زيارة","","","","","","",""
"1952","سموت للمقاولات العامة","X096P900390","SPC252","شعبان","زيارة","","","","","","",""
"342","كارزما ترافل","X106P701704","spc 250","اسماعيل","زيارة","1989","13877","11/10/2022 12:00:00 AM","مصطفي كامل","1013342967","03/5232044",""
"422","محمد عبد الخالق البرى","X116P300177","SPC252","كريم","زيارة","34644","17404","2/4/2023 12:00:00 AM","بولكي - برج الروان","1027907245","",""
"1493","مصنع ساف للملابس","X116P400072","SPC252SF","عادل","زيارة","2591","9480","9/20/2025 12:00:00 AM","ك 26 طريق الأسكندرية الصحراوى الضمان ثلاثة أشهر أو 5000 نسخة","1289807500","على صلاح عبد اللطيف",""
"1835","شركة الفريدة","X116P401270","SPC252","شعبان","زيارة","","","","","","",""
"725","ا / بركات (شركة النمر)","X116P900639","SPC 252","ايمن","زيارة","23","18","11/18/2023 12:00:00 AM","داخل ميناء الاسكندرية -- باب 10","1273762727","ا / بركات",""
"1326","ا/كريم محمد كمال","X116PA00758","SP C252","طارق","زيارة","1279","5968","11/7/2025 12:00:00 AM","الضمان 3شهور او5000 نسخه","1115559075","القاهره مدينة نصر",""
"859","مدرسة الاقبال","X126RB50014","SP 6430","مصطفى","زيارة","213843","","","فيكتوريا","1222633508","ا / مرفت",""
"860","مدرسة الاقبال","X128R250026","SP 6430","مصطفى","زيارة","80183","","","فيكتوريا","1222633508","ا / مرفت",""
"1632","عبد الرحمن حسن","X3B3072635","WFC5710","مجدى","زيارة","371","1444","2/4/2026 12:00:00 AM","الضمان20000ن او6شهور","1024385996","البيضا طريق المحمودية",""
"1598","مكتبة السعد","X3b8012464 ش","wfc5790","","ارشيف","44238","25272","","حجر النواتية","1273241020","",""
"1588","مكتبة ام جى","X3B8031934","WFC5790","شعبان","زيارة","3829","7401","1/12/2026 12:00:00 AM","كوبرى الناموس - الضمان ستة أشهر أو عشرون ألف نسخة","1289479407","",""
"1586","حمادة المنشاوى","X3B8059116","C5790BA","كريم","زيارة","6231","38096","","  حجر النواتية","1060698002","",""
"1668","الحصري للطباعه","X3B8099213","C5790","رضا","زيارة","","","2/17/2026 12:00:00 AM","بوسليمان","1202738364","ا/احمد الحصري",""
"1604","مكتبة هدى الاسلام","X3B8147369","wfc5790","شعبان","ايجار","2610","10712","","ش مكة","1100097749","0112512323ا/حازم نبيل",""
"1795","عصام ابو عيسى","X576021246","WFC579R","كريم","زيارة","","","","بجوار كوبرى الناموس","1011143080","01007330655",""
"1736","مدرسة الابداع الدولية","X576062283","WFC579","مجدى","ايجار","8242","28831","","ابيس الزراعى","1227323131","على عبد النبى",""
"1306","محمد صابر محمد","X686P600342","SPC440","مجدى","زيارة","17386","221492","2/9/2025 12:00:00 AM","الدخلية","1281511696","",""
"963","عيادة كيرا كلانيك","X686PC01930","SP C440","مجدى","زيارة","90","197201","11/29/2025 12:00:00 AM","","","",""
"1814","شركة بيلدز GPE","X688P100036","SPC440","شعبان","زيارة","","","","جليم","","تبع م / رضا القدس",""
"1303","مكتبة الريان","X688P400100","SPC440","رضا","زيارة","54218","100147","2/14/2025 12:00:00 AM","كرموز -- الضمان(10000) نسخة","1208833864","01001125694",""
"","( هنا اكاديمى )","XBK2101833","WF-C5890","رضا","زيارة","11","102","6/25/2026 12:00:00 AM","كوبري الناموس","01556668325","",""
"1747","ا / حسين الاسيوطى","XBKF018110","WFC390","كريم","زيارة","","","","السيوف","1016639040","01281294842",""
"1595","مدام / ناديه","XBKF019313","C5390","كريم","زيارة","558","687","","السيوف شماعه","","",""
"1834","د / اسامة ابو العلا ( دمياط )","XBKF020073","WF-C5390","رضا","زيارة","0","0","","دمياط","1225116289","01093072667",""
"","مخزن المجد فارم للادوية","XLM6411699","KY2000D","","ارشيف","78274","","","","","",""
"","مخزن المجد فارم للادوية","XLM8667397","KY2000D","","ارشيف","49946","","","","","",""
"1159","مدرسة منارة العلم","Y128X608169","SP5310","شعبان","زيارة","803540","","","بجوار الشركة","","",""
"1116","القوات البحريه","Y186P600569","SP C340","يحيي","زيارة","","","","","1113019432","ابراهيم",""
"529","مكتبة الملكة والامل","Y226MB20083","MPC840","","زيارة","","","","الازريطة","1222362229","",""
"1257","ا/فكري","Y696HA00786","SP400","كريم","زيارة","","","","الابراهيميه","","",""
"","مركز العلاج الطبيعى OPC","Y847PA00315","SPC262","كريم","زيارة","","","","سموحة","01221359293","ا / محمد",""
"","الدار البيضاء للورق","Y848P701399","SPC262","يحيي","زيارة","18987","14590","","برج العرب","1281253742","ا / احمد عجلان",""
"1316","شركة مارسيليا (فلورانس)","Y848P800497","SPC262","اسامة","زيارة","","","","المنتزة","1092767393","01095219462",""
"1123","ا / طارق وديع","Y848PB00474","SPC 262","رضا","زيارة","2969","3778","8/27/2024 12:00:00 AM","ميامى - عمارة شركة الغاز","1550348991","",""
"1815","يوسف شعبان زكى","Y848PB00978","SPC262FN","رضا","زيارة","4622","3636","5/16/2026 12:00:00 AM","","1224808147","",""
"970","شركة مصرللغزل (مشتريات خارجية)","Y849P400463","SPC262","طارق","زيارة","78272","19562","8/11/2024 12:00:00 AM","كفر الدوار -  صابغى البيضا","1211072294","ا / اسامة عبد اللطيف",""
"1483","شريف الكفراوى","Y867P600119","SPC262","كريم","زيارة","1595","661","1/28/2025 12:00:00 AM","جليم","1004499299","",""
"1110","محمد بحريه","Y869P100059","SPC262D","رضا","زيارة","1343","7558","2/5/2025 12:00:00 AM","5000 ن","","",""
"343","مدرسة النخبة","بدون","mp4001","ايمن","صيانة","","","10/1/2023 12:00:00 AM","العجمى الهانوفيل","","",""
"1293","احمد جيمى المدرية القديمة","شl7077262541","MP2000","","ارشيف","356976","",""," مدرية الامن القديمة","01553588828","الحد الادنى للايجار 700 جنية",""
"2225","شركة برفيكت للاعمال الهندسية","RGS1118033","KY3207CI","عادل","ايجار","677585","2035","8/4/2027 12:00:00 AM","الانتاج -- العامرية الناصرية","01211423639","م / محمود نصر",""
"2226","المنطقة الشمالية قاعدة محمد نجيب ك950","C517P102672","MPC305","يحيي","زيارة","","","","العالمين","","",""
"2227","شركة دريم لاند","V9724302596","MP2051","شعبان","زيارة","","","","لوران","01002289943","ا / محمد",""
"2228","شركة الامعاء","W796PA01398","MPC305","يحيي","زيارة","","","","عبد القادر","01287069109","ا / عطية",""
"2229","مكتبة الندى","شrf89503105","KY5053CI","","ارشيف","1369824","264758","2/5/2027 12:00:00 AM","المراغى ش عمر بن الخطاب -- الضمان(10000) نسخة","1286085392","عبد الرحمن اشرف كمال",""
"2230","مكتبة جودة","X576061658","WFC579R","مجدى","ضمان","7086","676","","الضمان(5000)نسخة --عزبة سكينة الجديدة ش 21","01061725826","تبع احمد حجازى -- اسامة محمد عبد المجيد",""
"2231","بيت الجملة (بركة السبع)","W2W7Z36336","KY2552CI","وائل","ايجار","37624","4263","","المنوفية  -- بركة السبع","1211667301","م / وائل المنوفية",""
"2232","بيت الجملة (بركة السبع)","W2W7317541","KY2552CI","وائل","ايجار","71629","237688","","المنوفية  -- بركة السبع","1211667301","م / وائل المنوفية",""
"2233","بيت الجملة (بركة السبع)","W2W6904175","KY2552CI","وائل","ايجار","502201","17436","","المنوفية  -- بركة السبع","1211667301","م / وائل المنوفية",""
"2234","ا / احمد سامح","W794P503479","MPC305","شعبان","زيارة","","","","زيزينيا","01014590314","تبع م / عبد الرازق",""
"2235","مكتبة زياد","RFC9405807","KY4053CI","شعبان","ضمان","227231","112362","2/9/2027 12:00:00 AM","ابو سليمان  ش/ البوسطة","01224341766","احمد ابو المعاطى",""
"2236","مكتبة اوشا","LEH5603650","KY4505CI","رضا","زيارة","","","","ش / ونجت امام الرعاية","01068197158","",""
"","الشركة العثمانية","M6215400054","MP3350","كريم","زيارة","","","","اول الطريق الزراعى مدخل الاسكندرية","","تبع خالد البربرى",""
"2238","مكتبة بداية استور","V798405455","KY406C","شعبان","ضمان","81998","207931","2/11/2027 12:00:00 AM","زعربانة --الضمان(5000)نسخة","01201631457","01550910603 -- محمد على حبشى",""
"2239","شركة محمود يوسف المدد","RFH9Y22538","KY3207CI","عادل","ضمان","173955","60273","2/11/2027 12:00:00 AM","القاهرة -- جهاز مدينة الشروق","01097796353","",""
"2240","مكتبة يوسف الرحمانية","M4496338017","MP2500","ياسين","زيارة","","","","دمنهور الرحمانية","01157328448","ح / يوسف",""
"2241","ا / محمد سردينة","T597HC00338","SP4510SF","يحيي","زيارة","","","","مالتى","01222601155","",""
"2242","ا / كريم ندى","X115P700270","SPC252SF","يحيي","زيارة","14077","25472","","","01115858111","",""
"2243","احمد كراوية","RFC9406423","KY4053CI","شعبان","ضمان","387012","101335","11/14/2026 12:00:00 AM","ابو سليمان بجوار الشهر العقارى","01287171683","احمد رفعت",""
"2244","ا / صبري على على","C497P700514","MPC407","شعبان","ضمان","17259","5334","11/16/2026 12:00:00 AM","المراغى","01154165125","",""
"2245","مدرسة كمال الدين حسين","M6594100938","MP2550","شعبان","زيارة","","","","باكوس امام مصنع الثلج","01225819766","",""
"2246","احمد كراوية","J0124100771","MP1022","شعبان","زيارة","","","","ابو سليمان بجوار الشهر العقارى","","",""
"2247","تارجت للمقاولات والاستشارات","RGQ0905517","KY5007CI","عادل","ضمان","354313","307424","2/17/2027 12:00:00 AM","21/ش الاحقاف -الابراهيميه---(20000)نسخه","","ا/عبد الرحمن محمد حسن",""
"2248","مكتبة الشيخ على(المدينة المنورة)","RFH0127288","KY3253CI","شعبان","ضمان","99851","316776","4/1/2027 12:00:00 AM","ش المدينة المنورة من ش مكة -- الضمان (10000) نسخة","0127134148","ا/ علي محمد",""
"","مصنع ادوات مدرسيه","W2N8726681","KY4052CI","عادل","ضمان","718479","36071","2/21/2027 12:00:00 AM","ابيس 2","01211275444","فتحي البص",""
"","مكتبة الندى","RF89503220","KY5053CI","شعبان","ضمان","1386431","11187","2/22/2027 12:00:00 AM","المراغى ش عمر بن الخطاب -- الضمان(10000) نسخة","01221384624","عبد الرحمن اشرف كمال",""
